,NOMBRE,EQUIPO,MJ,PJ,%,PC,%,PT,%,PS,%,TA,TR,SA,G,PR,GPP,GE
,ABDE EZZALZOULI,REAL BETIS,1058,15,100.00,2,13.33,12,80.00,10,66.67,1,0,0,1,1,0,15
,ABDE REBBACH,DEPORTIVO ALAVÉS,360,7,46.67,1,14.29,4,26.67,3,20.00,1,0,0,0,0,0,7
,ABDEL ABQAR,DEPORTIVO ALAVÉS,1131,14,93.33,10,71.43,14,93.33,4,26.67,7,0,0,0,1,0,22
,ABDOULAYE KEITA,GETAFE CF,27,1,6.67,0,0.00,0,0.00,0,0.00,0,0,0,0,0,0,0
,ABDUL MUMIN,RAYO VALLECANO,1085,13,92.86,12,92.31,13,92.86,1,7.14,4,1,0,1,0,0,12
,ABDÓN PRATS,RCD MALLORCA,195,12,75.00,0,0.00,1,6.25,1,6.25,3,0,0,2,0,0,3
,ABEL BRETONES,CA OSASUNA,843,14,93.33,7,50.00,9,60.00,2,13.33,2,0,0,2,0,0,17
,ABEL RUIZ,GIRONA FC,708,10,66.67,1,10.00,9,60.00,8,53.33,2,0,0,2,0,0,11
,ABOUBACAR BASSINGA,CD MIRANDÉS,3,1,6.67,0,0.00,0,0.00,0,0.00,0,0,0,0,0,0,0
,ADAMA BOIRO,ATHLETIC CLUB,423,6,37.50,1,16.67,5,31.25,4,25.00,0,0,0,0,0,0,5
,ADNAN JANUZAJ,UD LAS PALMAS,256,5,33.33,1,20.00,3,20.00,2,13.33,2,0,0,0,0,0,3
,ADRI EMBARBA,RAYO VALLECANO,662,13,92.86,1,7.69,8,57.14,7,50.00,2,0,0,0,0,0,7
,ADRIÀ ALTI,CD LEGANÉS,601,9,60.00,3,33.33,7,46.67,4,26.67,1,0,0,0,0,0,11
,ADRIÀ PEDROSA,SEVILLA FC,1011,13,86.67,7,53.85,12,80.00,5,33.33,4,0,0,0,0,0,12
,ADRIÁN SAN MIGUEL DEL CASTILLO,REAL BETIS,0,0,0.00,0,0.00,0,0.00,0,0.00,2,0,0,0,0,0,0
,ADRIÁN HERNÁNDEZ HERNÁNDEZ,DEPORTIVO ALAVÉS,402,6,40.00,4,66.67,4,26.67,0,0.00,1,0,0,0,0,0,5
,ADRIÁN RODRÍGUEZ,DEPORTIVO ALAVÉS,0,0,0.00,0,0.00,0,0.00,0,0.00,0,0,0,0,0,0,0
,MALCOM ABDULAI ARES DJALÓ,REAL ZARAGOZA,18,1,6.25,0,0.00,0,0.00,0,0.00,0,0,0,0,0,0,1
,AIHEN MUÑOZ,REAL SOCIEDAD,316,7,46.67,2,28.57,3,20.00,1,6.67,1,0,0,0,0,0,1
,AIMAR OROZ,CA OSASUNA,1217,15,100.00,4,26.67,15,100.00,11,73.33,2,0,0,1,0,0,18
,ÁLVARO CORTÉS,FC BARCELONA,0,0,0.00,0,0.00,0,0.00,0,0.00,0,0,0,0,0,0,0
,ÁLVARO DJALÓ DIAS FERNANDES,ATHLETIC CLUB,430,11,68.75,0,0.00,4,25.00,4,25.00,0,0,0,1,0,0,5
,ÁLVARO FERNÁNDEZ,SEVILLA FC,386,5,33.33,4,80.00,4,26.67,0,0.00,0,0,0,0,0,0,4
,ÁLVARO GARCÍA,RAYO VALLECANO,817,12,85.71,4,33.33,9,64.29,5,35.71,3,0,0,1,0,0,10
,ÁLVARO KILLANE,UD LAS PALMAS,0,0,0.00,0,0.00,0,0.00,0,0.00,0,0,0,0,0,0,0
,ÁLVARO ODRIOZOLA,REAL SOCIEDAD,41,2,13.33,0,0.00,0,0.00,0,0.00,1,0,0,0,0,0,0
,ÁLVARO RODRÍGUEZ,GETAFE CF,306,8,53.33,0,0.00,2,13.33,2,13.33,2,0,0,1,0,0,3
,ÁLVARO TEJERO,RCD ESPANYOL DE BARCELONA,692,13,92.86,3,23.08,8,57.14,5,35.71,0,0,0,1,0,0,16
,ÁNGEL CORREA,ATLÉTICO DE MADRID,399,14,93.33,0,0.00,2,13.33,2,13.33,2,0,0,2,0,0,2
,ÁNGEL FORTUÑO,RCD ESPANYOL DE BARCELONA,0,0,0.00,0,0.00,0,0.00,0,0.00,0,0,0,0,0,0,0
,ÁRON YAAKOBISHVILI,FC BARCELONA,0,0,0.00,0,0.00,0,0.00,0,0.00,0,0,0,0,0,0,0
,ÉDER GABRIEL MILITÃO,REAL MADRID,940,12,80.00,9,75.00,11,73.33,2,13.33,2,0,0,1,0,0,9
,ÍÑIGO LEKUE,ATHLETIC CLUB,371,7,43.75,3,42.86,4,25.00,1,6.25,1,0,0,0,0,0,5
,ÍÑIGO RUÍZ DE GALARRETA,ATHLETIC CLUB,663,12,75.00,0,0.00,8,50.00,8,50.00,3,0,0,0,0,0,7
,ÓSCAR DE MARCOS,ATHLETIC CLUB,820,12,75.00,6,50.00,9,56.25,3,18.75,0,0,0,0,0,0,7
,ÓSCAR MINGUEZA,RC CELTA,1097,14,93.33,10,71.43,14,93.33,4,26.67,3,0,0,2,1,0,23
,ÓSCAR RODRÍGUEZ,CD LEGANÉS,434,10,66.67,1,10.00,5,33.33,4,26.67,3,0,0,1,1,0,2
,ÓSCAR TREJO,RAYO VALLECANO,165,5,35.71,0,0.00,2,14.29,2,14.29,0,0,0,0,0,0,2
,ÓSCAR VALENTÍN,RAYO VALLECANO,967,14,100.00,7,50.00,11,78.57,4,28.57,1,0,0,0,0,0,13
,ØRJAN NYLAND,SEVILLA FC,964,11,73.33,10,90.91,11,73.33,1,6.67,1,0,0,0,0,0,15
,WILLY KAMBWALA,VILLARREAL CF,90,1,7.14,1,100.00,1,7.14,0,0.00,0,0,0,0,0,0,1
,WOJCIECH SZCZESNY,FC BARCELONA,0,0,0.00,0,0.00,0,0.00,0,0.00,0,0,0,0,0,0,0
,YANGEL HERRERA,GIRONA FC,802,11,73.33,5,45.45,10,66.67,5,33.33,4,0,0,2,0,0,9
,YAREK GASIOROWSKI,VALENCIA CF,459,6,46.15,4,66.67,5,38.46,1,7.69,0,0,0,0,0,0,10
,JESÚS SANTIAGO PÉREZ,GETAFE CF,223,10,66.67,0,0.00,3,20.00,3,20.00,2,0,0,0,0,0,2
,YERAY ÁLVAREZ,ATHLETIC CLUB,810,9,56.25,9,100.00,9,56.25,0,0.00,2,0,0,0,0,0,7
,YEREMY PINO,VILLARREAL CF,549,12,85.71,0,0.00,6,42.86,6,42.86,2,0,0,0,0,0,13
,YOUSSOUF SABALY,REAL BETIS,648,9,60.00,6,66.67,7,46.67,1,6.67,1,0,0,0,0,0,12
,YURI BERCHICHE,ATHLETIC CLUB,910,13,81.25,9,69.23,10,62.50,1,6.25,2,0,0,0,0,0,10
,YVAN NEYOU,CD LEGANÉS,851,11,73.33,5,45.45,10,66.67,5,33.33,6,0,0,1,0,0,11
,YÁSER ASPRILLA,GIRONA FC,398,7,46.67,1,14.29,4,26.67,3,20.00,1,0,0,1,0,0,5
,ÁLEX BAENA,VILLARREAL CF,1017,13,92.86,4,30.77,12,85.71,8,57.14,4,0,0,3,0,0,17
,ÁLEX GIL,,0,0,0.00,0,0.00,0,0.00,0,0.00,0,0,0,0,0,0,0
,ÁLEX MUÑOZ,UD LAS PALMAS,925,12,80.00,6,50.00,11,73.33,5,33.33,1,0,0,3,0,0,17
,ÁLEX REMIRO,REAL SOCIEDAD,1350,15,100.00,15,100.00,15,100.00,0,0.00,0,0,0,0,0,0,11
,ÁLEX SOLA,GETAFE CF,942,15,100.00,0,0.00,12,80.00,12,80.00,4,0,0,0,0,0,9
,ÁLEX SUÁREZ,UD LAS PALMAS,1076,13,86.67,9,69.23,13,86.67,4,26.67,4,0,0,0,0,1,19
,ÁLEX VALLE,,0,0,0.00,0,0.00,0,0.00,0,0.00,0,0,0,0,0,0,0
,ÁLVARO ACEVES,REAL VALLADOLID CF,0,0,0.00,0,0.00,0,0.00,0,0.00,0,0,0,0,0,0,0
,ÁLVARO AGUADO,RCD ESPANYOL DE BARCELONA,314,9,64.29,0,0.00,3,21.43,3,21.43,1,0,0,0,0,0,6
,UNAI MARRERO,REAL SOCIEDAD,0,0,0.00,0,0.00,0,0.00,0,0.00,0,0,0,0,0,0,0
,UNAI NÚÑEZ,ATHLETIC CLUB,270,3,18.75,3,100.00,3,18.75,0,0.00,1,0,0,0,0,0,2
,UNAI SIMÓN,ATHLETIC CLUB,0,0,0.00,0,0.00,0,0.00,0,0.00,0,0,0,0,0,0,0
,URKO GONZÁLEZ,REAL SOCIEDAD,45,1,6.67,0,0.00,1,6.67,1,6.67,1,0,0,0,0,0,0
,VALENTIN ROSIER,CD LEGANÉS,961,13,86.67,10,76.92,10,66.67,0,0.00,4,0,0,0,0,0,13
,VALENTÍN BARCO,SEVILLA FC,285,7,46.67,1,14.29,3,20.00,2,13.33,0,0,0,0,0,0,4
,VALENTÍN PEZZOLESI,UD LAS PALMAS,0,0,0.00,0,0.00,0,0.00,0,0.00,0,0,0,0,0,0,0
,VALERY FERNÁNDEZ,RCD MALLORCA,214,9,56.25,0,0.00,1,6.25,1,6.25,1,0,0,2,0,0,4
,VEDAT MURIQI,RCD MALLORCA,933,12,75.00,6,50.00,10,62.50,4,25.00,1,1,0,3,0,0,11
,VICENTE GUAITA,RC CELTA,990,11,73.33,11,100.00,11,73.33,0,0.00,0,0,0,0,0,0,18
,VIKTOR TSYHANKOV,GIRONA FC,473,7,46.67,2,28.57,6,40.00,4,26.67,1,0,0,1,0,0,7
,VINÍCIUS JOSÉ PAIXÃO DE OLIVEIRA JÚNIOR,REAL MADRID,1074,13,86.67,5,38.46,12,80.00,7,46.67,4,0,0,8,2,0,9
,VITI ROZADA,UD LAS PALMAS,858,14,93.33,5,35.71,9,60.00,4,26.67,3,0,0,0,0,0,16
,VITOR HUGO ROQUE FERREIRA,REAL BETIS,758,12,80.00,2,16.67,9,60.00,7,46.67,0,0,0,3,0,0,13
,VÍCTOR MESEGUER,REAL VALLADOLID CF,375,12,80.00,1,8.33,2,13.33,1,6.67,0,0,0,0,0,0,8
,VÍCTOR PUIG,UD LAS PALMAS,0,0,0.00,0,0.00,0,0.00,0,0.00,0,0,0,0,0,0,0
,WALID CHEDDIRA,RCD ESPANYOL DE BARCELONA,378,11,78.57,0,0.00,3,21.43,3,21.43,2,0,0,1,1,0,5
,WARREN MADRIGAL,VALENCIA CF,0,0,0.00,0,0.00,0,0.00,0,0.00,0,0,0,0,0,0,0
,WILLIAM SILVA DE CARVALHO,REAL BETIS,250,4,26.67,1,25.00,4,26.67,3,20.00,0,0,0,0,0,0,1
,WILLIOT SWEDBERG,RC CELTA,531,13,86.67,0,0.00,5,33.33,5,33.33,1,0,0,2,0,0,12
,SÉBASTIEN HALLER,CD LEGANÉS,405,8,53.33,1,12.50,5,33.33,4,26.67,0,0,0,0,0,0,9
,TADEO ALLENDE,RC CELTA,1,1,6.67,0,0.00,0,0.00,0,0.00,0,0,0,0,0,0,0
,TAKEFUSA KUBO,REAL SOCIEDAD,1023,15,100.00,5,33.33,11,73.33,6,40.00,1,0,0,3,0,0,7
,TAKUMA ASANO,RCD MALLORCA,321,6,37.50,0,0.00,4,25.00,4,25.00,0,0,0,0,0,0,3
,TANGUY NIANZOU,SEVILLA FC,519,6,40.00,5,83.33,6,40.00,1,6.67,1,1,1,0,0,1,5
,TASOS DOUVIKAS,RC CELTA,599,15,100.00,0,0.00,6,40.00,6,40.00,2,0,0,3,0,0,12
,THIBAUT COURTOIS,REAL MADRID,1080,12,80.00,12,100.00,12,80.00,0,0.00,0,0,0,0,0,1,9
,THIERNO BARRY,VILLARREAL CF,872,13,92.86,7,53.85,9,64.29,2,14.29,1,0,0,4,1,0,14
,THIERRY RENDALL CORREIA,VALENCIA CF,771,11,84.62,4,36.36,9,69.23,5,38.46,1,0,0,0,0,0,13
,THOMAS LEMAR,ATLÉTICO DE MADRID,6,1,6.67,0,0.00,0,0.00,0,0.00,0,0,0,0,0,0,0
,TOMÁS CONECHNY,DEPORTIVO ALAVÉS,473,9,60.00,1,11.11,6,40.00,5,33.33,3,0,0,1,0,0,11
,TONI FERNÁNDEZ,FC BARCELONA,0,0,0.00,0,0.00,0,0.00,0,0.00,0,0,0,0,0,0,0
,ANTONIO LATORRE GRUESO,RCD MALLORCA,263,5,31.25,2,40.00,3,18.75,1,6.25,0,1,0,0,0,0,2
,TONI MARTÍNEZ,DEPORTIVO ALAVÉS,490,12,80.00,1,8.33,5,33.33,4,26.67,0,0,0,3,0,0,12
,LAUREANO ANTONIO VILLA SUÁREZ,SD EIBAR,0,0,0.00,0,0.00,0,0.00,0,0.00,0,0,0,0,0,0,0
,UMAR SADIQ,REAL SOCIEDAD,224,7,46.67,0,0.00,2,13.33,2,13.33,1,0,0,0,0,0,2
,UNAI EGILUZ,CD MIRANDÉS,0,0,0.00,0,0.00,0,0.00,0,0.00,0,0,0,0,0,0,0
,UNAI GARCÍA,CA OSASUNA,0,0,0.00,0,0.00,0,0.00,0,0.00,0,0,0,0,0,0,0
,UNAI GÓMEZ,ATHLETIC CLUB,418,15,93.75,0,0.00,3,18.75,3,18.75,1,0,0,0,0,0,6
,UNAI LÓPEZ,RAYO VALLECANO,669,12,85.71,2,16.67,9,64.29,7,50.00,5,1,0,2,0,0,5
,SERGI DARDER,RCD MALLORCA,1052,16,100.00,0,0.00,13,81.25,13,81.25,0,0,0,0,0,0,13
,SERGI DOMÍNGUEZ,FC BARCELONA,173,3,18.75,0,0.00,2,12.50,2,12.50,1,0,0,0,0,0,4
,SERGI GUARDIOLA,RAYO VALLECANO,75,5,35.71,0,0.00,0,0.00,0,0.00,0,0,0,0,0,0,1
,SERGI GÓMEZ,RCD ESPANYOL DE BARCELONA,561,10,71.43,4,40.00,5,35.71,1,7.14,0,0,0,0,0,0,12
,SERGIO CAMELLO,RAYO VALLECANO,731,14,100.00,0,0.00,9,64.29,9,64.29,1,0,0,2,0,0,11
,SERGIO CARREIRA,RC CELTA,238,4,26.67,1,25.00,3,20.00,2,13.33,0,0,0,0,0,0,3
,SERGIO GONZÁLEZ,CD LEGANÉS,1303,15,100.00,13,86.67,14,93.33,1,6.67,1,0,0,1,0,1,20
,SERGIO GÓMEZ,REAL SOCIEDAD,1111,15,100.00,9,60.00,12,80.00,3,20.00,1,0,0,0,0,0,10
,SERGIO HERRERA,CA OSASUNA,1350,15,100.00,15,100.00,15,100.00,0,0.00,3,0,0,0,0,0,23
,SERGIO MESTRE,REAL MADRID,0,0,0.00,0,0.00,0,0.00,0,0.00,0,0,0,0,0,0,0
,SEYDOUBA CISSÉ,CD LEGANÉS,914,13,86.67,2,15.38,11,73.33,9,60.00,2,0,0,0,1,0,12
,SHERALDO BECKER,REAL SOCIEDAD,629,13,86.67,2,15.38,7,46.67,5,33.33,0,0,0,1,0,0,5
,SIEBE VAN DER HEYDEN,RCD MALLORCA,0,0,0.00,0,0.00,0,0.00,0,0.00,0,0,0,0,0,0,0
,SILVI CLUA,GIRONA FC,163,4,26.67,0,0.00,2,13.33,2,13.33,0,0,0,0,0,0,3
,STANIS IDUMBO MUZAMBO,SEVILLA FC,116,4,26.67,0,0.00,2,13.33,2,13.33,0,0,0,1,0,0,2
,STANKO JURIC,REAL VALLADOLID CF,785,13,86.67,3,23.08,7,46.67,4,26.67,4,0,0,0,0,0,20
,STIPE BIUK,,0,0,0.00,0,0.00,0,0.00,0,0.00,0,0,0,0,0,0,0
,JUAN DIEGO MOLINA MARTÍNEZ,DEPORTIVO ALAVÉS,590,13,86.67,2,15.38,6,40.00,4,26.67,1,0,0,0,0,0,12
,STOLE DIMITRIEVSKI,VALENCIA CF,0,0,0.00,0,0.00,0,0.00,0,0.00,0,0,0,0,0,0,0
,JESÚS JOAQUÍN FERNÁNDEZ SÁENZ DE LA TORRE,SEVILLA FC,139,6,40.00,-1,-16.67,0,0.00,1,6.67,0,0,0,0,0,0,1
,RODRIGO RIQUELME,ATLÉTICO DE MADRID,402,10,66.67,1,10.00,4,26.67,3,20.00,0,0,0,0,0,0,2
,RODRYGO SILVA DE GOES,REAL MADRID,822,13,86.67,1,7.69,9,60.00,8,53.33,0,0,0,3,0,0,4
,ROMAIN PERRAUD,REAL BETIS,1015,14,93.33,10,71.43,11,73.33,1,6.67,4,0,0,0,0,0,15
,RUBÉN GARCÍA,CA OSASUNA,768,14,93.33,0,0.00,10,66.67,10,66.67,1,0,0,1,0,0,9
,RUBÉN GÓMEZ,VILLARREAL CF,0,0,0.00,0,0.00,0,0.00,0,0.00,0,0,0,0,0,0,0
,RUBÉN PEÑA,CA OSASUNA,417,13,86.67,0,0.00,4,26.67,4,26.67,1,0,0,0,0,0,7
,RUI TIAGO DANTAS DA SILVA,REAL BETIS,1350,15,100.00,15,100.00,15,100.00,0,0.00,1,0,0,0,0,0,18
,SALVI SÁNCHEZ,RCD ESPANYOL DE BARCELONA,0,0,0.00,0,0.00,0,0.00,0,0.00,0,0,0,0,0,0,0
,SAMUEL DIAS LINO,ATLÉTICO DE MADRID,655,12,80.00,1,8.33,9,60.00,8,53.33,1,0,0,0,0,0,6
,SAMUEL DE ALMEIDA COSTA,RCD MALLORCA,1281,15,93.75,14,93.33,15,93.75,1,6.25,4,1,1,0,0,0,17
,SANDRO RAMÍREZ,UD LAS PALMAS,720,12,80.00,2,16.67,9,60.00,7,46.67,2,0,0,4,0,0,12
,SANTI COMESAÑA,VILLARREAL CF,1014,14,100.00,6,42.86,12,85.71,6,42.86,4,0,0,2,0,0,21
,SANTIAGO MOURIÑO,DEPORTIVO ALAVÉS,450,8,53.33,3,37.50,5,33.33,2,13.33,1,0,0,0,0,0,9
,SAÚL ÑÍGUEZ,SEVILLA FC,348,5,33.33,3,60.00,4,26.67,1,6.67,1,1,0,0,0,0,5
,SCOTT MCKENNA,UD LAS PALMAS,908,11,73.33,9,81.82,10,66.67,1,6.67,1,0,0,0,0,1,17
,SEBAS WADE,RCD MALLORCA,0,0,0.00,0,0.00,0,0.00,0,0.00,0,0,0,0,0,0,0
,SELIM AMALLAH,REAL VALLADOLID CF,682,11,73.33,0,0.00,10,66.67,10,66.67,1,0,0,2,0,0,12
,SERGI ALTIMIRA,REAL BETIS,819,12,80.00,4,33.33,9,60.00,5,33.33,2,0,0,0,0,0,11
,SERGI CANÓS,VALENCIA CF,182,7,53.85,0,0.00,2,15.38,2,15.38,1,0,0,0,0,0,5
,SERGI CARDONA,VILLARREAL CF,1236,14,100.00,10,71.43,14,100.00,4,28.57,5,0,0,1,0,0,23
,RAPHAEL DIAS BELLOLI,FC BARCELONA,1349,16,100.00,12,75.00,15,93.75,3,18.75,1,0,0,11,2,0,14
,RAÚL ASENCIO DEL ROSARIO,REAL MADRID,330,4,26.67,3,75.00,3,20.00,0,0.00,0,0,0,0,0,0,2
,RAÚL ALBIOL,VILLARREAL CF,919,12,85.71,9,75.00,11,78.57,2,14.29,4,0,0,0,0,1,14
,RAÚL CHASCO,REAL VALLADOLID CF,129,2,13.33,1,50.00,1,6.67,0,0.00,0,0,0,0,0,0,4
,RAÚL GARCÍA,CA OSASUNA,298,14,93.33,0,0.00,2,13.33,2,13.33,0,0,0,1,0,0,7
,RAÚL JIMÉNEZ,VALENCIA CF,0,0,0.00,0,0.00,0,0.00,0,0.00,0,0,0,0,0,0,0
,RAÚL MARTÍNEZ,GIRONA FC,0,0,0.00,0,0.00,0,0.00,0,0.00,0,0,0,0,0,0,0
,RAÚL MORO,REAL VALLADOLID CF,1076,15,100.00,6,40.00,11,73.33,5,33.33,1,0,0,3,0,0,25
,RAÚL DE TOMÁS,RAYO VALLECANO,0,0,0.00,0,0.00,0,0.00,0,0.00,0,0,0,0,0,0,0
,REINILDO ISNARD MANDAVA,ATLÉTICO DE MADRID,644,13,86.67,4,30.77,7,46.67,3,20.00,3,0,0,0,0,0,6
,RENATO TAPIA,CD LEGANÉS,805,14,93.33,6,42.86,9,60.00,3,20.00,4,0,0,1,0,0,17
,RICARD ARTERO,GIRONA FC,0,0,0.00,0,0.00,0,0.00,0,0.00,0,0,0,0,0,0,0
,RICARDO RODRÍGUEZ,REAL BETIS,336,6,40.00,1,16.67,4,26.67,3,20.00,0,0,0,0,0,0,3
,ROBERT LEWANDOWSKI,FC BARCELONA,1254,15,93.75,9,60.00,15,93.75,6,37.50,1,0,0,15,0,0,12
,ROBERT NAVARRO,RCD MALLORCA,799,13,81.25,0,0.00,10,62.50,10,62.50,1,0,0,1,0,0,9
,ROBERTO LÓPEZ,CD LEGANÉS,355,9,60.00,2,22.22,3,20.00,1,6.67,0,0,0,0,0,0,7
,ROBIN LE NORMAND,ATLÉTICO DE MADRID,630,7,46.67,7,100.00,7,46.67,0,0.00,2,0,0,0,0,0,3
,RODRIGO SÁNCHEZ RODRÍGUEZ,,117,3,20.00,0,0.00,1,6.67,1,6.67,0,0,0,0,0,0,2
,RODRIGO ABAJAS,VALENCIA CF,66,1,7.69,0,0.00,1,7.69,1,7.69,1,0,0,0,0,0,2
,RODRIGO DE PAUL,ATLÉTICO DE MADRID,650,14,93.33,1,7.14,6,40.00,5,33.33,3,0,0,1,0,0,3
,PEDRO GONZÁLEZ LÓPEZ,FC BARCELONA,1178,16,100.00,4,25.00,14,87.50,10,62.50,2,0,0,3,0,0,12
,PEDRO DÍAZ,RAYO VALLECANO,90,5,35.71,0,0.00,1,7.14,1,7.14,1,0,0,0,0,0,0
,PEDRO ORTIZ,SEVILLA FC,0,0,0.00,0,0.00,0,0.00,0,0.00,0,0,0,0,0,0,0
,PEIO CANALES,ATHLETIC CLUB,19,1,6.25,0,0.00,0,0.00,0,0.00,0,0,0,0,0,0,1
,FRANCISCO JESÚS CRESPO GARCÍA,UD LAS PALMAS,15,1,6.67,0,0.00,0,0.00,0,0.00,0,0,0,0,0,0,0
,PELAYO FERNÁNDEZ,RAYO VALLECANO,0,0,0.00,0,0.00,0,0.00,0,0.00,0,0,0,0,0,0,0
,PEP CHAVARRÍA,RAYO VALLECANO,652,10,71.43,5,50.00,7,50.00,2,14.29,1,0,0,0,0,0,11
,JOSÉ LUIS GARCÍA VAYÁ,VALENCIA CF,873,11,84.62,8,72.73,10,76.92,2,15.38,4,1,0,1,0,0,14
,GERARD FERNÁNDEZ CASTELLANO,SEVILLA FC,640,12,80.00,1,8.33,8,53.33,7,46.67,1,0,0,0,0,0,8
,PERE GARCÍA,RCD MALLORCA,0,0,0.00,0,0.00,0,0.00,0,0.00,0,0,0,0,0,0,0
,PERE MILLA,RCD ESPANYOL DE BARCELONA,206,7,50.00,0,0.00,1,7.14,1,7.14,2,0,0,0,0,0,5
,PETER FEDERICO GONZÁLEZ CARMONA,GETAFE CF,233,9,60.00,0,0.00,1,6.67,1,6.67,0,0,0,0,0,0,0
,POL LOZANO,RCD ESPANYOL DE BARCELONA,639,10,71.43,2,20.00,8,57.14,6,42.86,4,0,0,0,0,0,12
,POL TRISTÁN,RCD ESPANYOL DE BARCELONA,0,0,0.00,0,0.00,0,0.00,0,0.00,0,0,0,0,0,0,0
,CRISTIAN PORTUGUÉS MANZANERA,GIRONA FC,178,7,46.67,0,0.00,1,6.67,1,6.67,2,0,0,0,0,0,4
,RAFA MIR,VALENCIA CF,241,4,30.77,0,0.00,3,23.08,3,23.08,1,0,0,0,0,0,6
,RAFAEL BAUZA,RCD ESPANYOL DE BARCELONA,155,3,21.43,0,0.00,2,14.29,2,14.29,1,0,0,0,0,0,8
,RAMON TERRATS,VILLARREAL CF,119,10,71.43,0,0.00,1,7.14,1,7.14,1,0,0,0,0,0,4
,RAMÓN MARTÍNEZ,SEVILLA FC,0,0,0.00,0,0.00,0,0.00,0,0.00,0,0,0,0,0,0,0
,RANDY NTEKA,RAYO VALLECANO,427,9,64.29,0,0.00,5,35.71,5,35.71,1,0,0,1,0,0,4
,ORIOL ROMEU,GIRONA FC,605,10,66.67,4,40.00,8,53.33,4,26.67,3,0,0,0,0,0,9
,ORRI ÓSKARSSON,REAL SOCIEDAD,319,9,60.00,0,0.00,3,20.00,3,20.00,0,0,0,2,0,0,3
,PABLO BARRIOS,ATLÉTICO DE MADRID,798,10,66.67,7,70.00,9,60.00,2,13.33,1,0,0,0,0,0,5
,PABLO BUSTO,REAL BETIS,0,0,0.00,0,0.00,0,0.00,0,0.00,0,0,0,0,0,0,0
,PABLO DURÁN,RC CELTA,185,6,40.00,0,0.00,2,13.33,2,13.33,0,0,0,0,0,0,2
,PABLO FORNALS,REAL BETIS,956,13,86.67,4,30.77,11,73.33,7,46.67,2,0,0,1,0,0,8
,PABLO IBÁÑEZ,CA OSASUNA,419,12,80.00,2,16.67,3,20.00,1,6.67,1,0,0,0,0,0,10
,PABLO MAFFEO,RCD MALLORCA,918,12,75.00,8,66.67,11,68.75,3,18.75,2,0,0,0,0,0,10
,PABLO MARÍN,REAL SOCIEDAD,77,4,26.67,0,0.00,0,0.00,0,0.00,0,0,0,0,0,0,0
,PABLO RIVERA,SEVILLA FC,0,0,0.00,0,0.00,0,0.00,0,0.00,0,0,0,0,0,0,0
,PABLO TORRE,FC BARCELONA,248,7,43.75,0,0.00,4,25.00,4,25.00,0,0,0,3,0,0,4
,PAPA DAME BA,GIRONA FC,47,1,6.67,0,0.00,0,0.00,0,0.00,0,0,0,0,0,0,0
,PAPE GUEYE,VILLARREAL CF,734,12,85.71,5,41.67,8,57.14,3,21.43,1,1,1,0,0,0,11
,PATHÉ CISS,RAYO VALLECANO,458,11,78.57,1,9.09,4,28.57,3,21.43,3,0,0,0,0,0,8
,PAU CABANES,VILLARREAL CF,35,3,21.43,0,0.00,0,0.00,0,0.00,0,0,0,0,0,0,1
,PAU CUBARSÍ,FC BARCELONA,1294,16,100.00,10,62.50,15,93.75,5,31.25,3,0,0,0,0,0,15
,PAU LÓPEZ,GIRONA FC,0,0,0.00,0,0.00,0,0.00,0,0.00,0,0,0,0,0,0,0
,PAU NAVARRO,VILLARREAL CF,218,5,35.71,1,20.00,1,7.14,0,0.00,0,0,0,0,0,0,4
,PAU VÍCTOR,FC BARCELONA,162,11,68.75,0,0.00,1,6.25,1,6.25,2,0,0,2,0,0,4
,PAULO GAZZANIGA,GIRONA FC,1350,15,100.00,15,100.00,15,100.00,0,0.00,3,0,0,0,0,0,20
,NACHO VIDAL,CA OSASUNA,113,4,26.67,1,25.00,1,6.67,0,0.00,0,0,0,0,0,0,5
,NACI ÜNÜVAR,RCD ESPANYOL DE BARCELONA,29,2,14.29,0,0.00,0,0.00,0,0.00,0,0,0,0,0,0,0
,NAHUEL MOLINA,ATLÉTICO DE MADRID,705,10,66.67,5,50.00,9,60.00,4,26.67,0,0,0,0,0,0,4
,NAHUEL TENAGLIA,DEPORTIVO ALAVÉS,1112,13,86.67,11,84.62,13,86.67,2,13.33,3,0,0,1,0,0,21
,NAIM GARCÍA,CD LEGANÉS,0,0,0.00,0,0.00,0,0.00,0,0.00,0,0,0,0,0,0,0
,NATAN BERNARDO DE SOUZA,REAL BETIS,816,12,80.00,9,75.00,9,60.00,0,0.00,2,1,0,0,0,0,13
,NAYEF AGUERD,REAL SOCIEDAD,921,11,73.33,8,72.73,11,73.33,3,20.00,3,0,0,0,0,0,7
,NEMANJA GUDELJ,SEVILLA FC,1080,13,86.67,11,84.62,12,80.00,1,6.67,3,0,0,0,0,0,13
,NICO SERRANO,ATHLETIC CLUB,97,2,12.50,0,0.00,1,6.25,1,6.25,0,0,0,0,0,0,2
,NICHOLAS WILLIAMS ARTHUER,ATHLETIC CLUB,1044,14,87.50,8,57.14,12,75.00,4,25.00,1,0,0,1,0,0,8
,NICOLAS PÉPÉ,VILLARREAL CF,565,11,78.57,0,0.00,6,42.86,6,42.86,1,0,0,1,1,0,10
,NOAH DARVICH,FC BARCELONA,0,0,0.00,0,0.00,0,0.00,0,0.00,0,0,0,0,0,0,0
,NOBEL MENDY,REAL BETIS,0,0,0.00,0,0.00,0,0.00,0,0.00,0,0,0,0,0,0,0
,OIER GASTESI,ATHLETIC CLUB,0,0,0.00,0,0.00,0,0.00,0,0.00,0,0,0,0,0,0,0
,OIHAN SANCET,ATHLETIC CLUB,850,13,81.25,2,15.38,11,68.75,9,56.25,1,0,0,7,0,0,7
,OLIVER MCBURNIE,UD LAS PALMAS,715,14,93.33,2,14.29,7,46.67,5,33.33,0,0,0,0,0,0,17
,OMAR ALDERETE,GETAFE CF,1260,14,93.33,14,100.00,14,93.33,0,0.00,3,0,0,0,0,0,12
,OMAR EL HILALI,RCD ESPANYOL DE BARCELONA,1223,14,100.00,11,78.57,14,100.00,3,21.43,4,0,0,0,0,0,27
,OMAR MASCARELL,RCD MALLORCA,635,13,81.25,2,15.38,6,37.50,4,25.00,2,0,0,0,0,0,9
,OMAR SADIK,RCD ESPANYOL DE BARCELONA,0,0,0.00,0,0.00,0,0.00,0,0.00,0,0,0,0,0,0,0
,MATEO FLORES,REAL BETIS,29,2,13.33,0,0.00,0,0.00,0,0.00,0,0,0,0,0,0,0
,MATEO MEJÍA,SEVILLA FC,10,1,6.67,0,0.00,0,0.00,0,0.00,0,0,0,0,0,0,0
,MATEU MOREY,RCD MALLORCA,175,3,18.75,0,0.00,2,12.50,2,12.50,1,0,0,0,0,0,5
,MATIJA NASTASIC,CD LEGANÉS,855,10,66.67,9,90.00,9,60.00,0,0.00,2,0,0,0,0,0,17
,MATÍAS ÁRBOL,SEVILLA FC,0,0,0.00,0,0.00,0,0.00,0,0.00,0,0,0,0,0,0,0
,MAURO ARAMBARRI,GETAFE CF,962,15,100.00,7,46.67,11,73.33,4,26.67,4,0,0,4,0,0,11
,MAXIMILIANO CAUFRIEZ,VALENCIA CF,90,1,7.69,1,100.00,1,7.69,0,0.00,0,0,0,0,0,0,1
,MIGUEL GUTIÉRREZ,GIRONA FC,1252,14,93.33,13,92.86,14,93.33,1,6.67,1,0,0,1,0,0,18
,MIGUEL DE LA FUENTE,CD LEGANÉS,896,14,93.33,4,28.57,9,60.00,5,33.33,3,0,0,1,0,0,12
,MIGUEL ÁNGEL MORRO,,0,0,0.00,0,0.00,0,0.00,0,0.00,0,0,0,0,0,0,0
,MIHAILO RISTIC,RC CELTA,112,2,13.33,0,0.00,2,13.33,2,13.33,0,0,0,0,0,0,1
,MIKA MÁRMOL,UD LAS PALMAS,598,9,60.00,5,55.56,7,46.67,2,13.33,2,0,0,0,0,0,13
,MIKEL JAUREGIZAR,ATHLETIC CLUB,787,13,81.25,6,46.15,9,56.25,3,18.75,3,1,0,1,0,0,8
,MIKEL OYARZABAL,REAL SOCIEDAD,872,13,86.67,3,23.08,12,80.00,9,60.00,2,1,0,3,1,0,6
,MIKEL VESGA,ATHLETIC CLUB,373,9,56.25,0,0.00,4,25.00,4,25.00,1,0,0,0,0,0,4
,MOI GÓMEZ,CA OSASUNA,371,13,86.67,2,15.38,3,20.00,1,6.67,1,0,0,0,0,1,8
,MOUSSA DIARRA,DEPORTIVO ALAVÉS,668,10,66.67,6,60.00,7,46.67,1,6.67,2,0,0,0,0,0,15
,MUNIR EL HADDADI,CD LEGANÉS,358,9,60.00,1,11.11,4,26.67,3,20.00,1,0,0,1,0,0,5
,NABIL ABERDIN,GETAFE CF,263,7,46.67,1,14.29,4,26.67,3,20.00,1,0,0,0,0,0,2
,NABIL FEKIR,,180,2,13.33,2,100.00,2,13.33,0,0.00,0,0,0,0,0,0,1
,MARC BARTRA,REAL BETIS,658,8,53.33,4,50.00,7,46.67,3,20.00,1,0,0,2,0,0,10
,MARC BERNAL,FC BARCELONA,243,3,18.75,1,33.33,3,18.75,2,12.50,2,0,0,0,0,0,3
,MARC CARDONA,UD LAS PALMAS,64,5,33.33,0,0.00,0,0.00,0,0.00,1,0,0,0,0,0,3
,MARC CASADÓ,FC BARCELONA,937,13,81.25,7,53.85,11,68.75,4,25.00,2,1,1,0,0,0,7
,MARC DOMENECH,RCD MALLORCA,115,3,18.75,0,0.00,2,12.50,2,12.50,0,0,0,0,0,0,1
,MARC ROCA,REAL BETIS,733,9,60.00,5,55.56,9,60.00,4,26.67,3,0,0,0,0,0,8
,MARC VIDAL,RC CELTA,0,0,0.00,0,0.00,0,0.00,0,0.00,0,0,0,0,0,0,0
,MARC-ANDRÉ TER STEGEN,FC BARCELONA,495,6,37.50,5,83.33,6,37.50,1,6.25,0,0,0,0,0,0,5
,MARCO DE LAS SIAS,RAYO VALLECANO,0,0,0.00,0,0.00,0,0.00,0,0.00,0,0,0,0,0,0,0
,MARCOS ALONSO,RC CELTA,900,11,73.33,8,72.73,9,60.00,1,6.67,3,0,0,0,0,0,15
,MARCOS ANDRÉ DE SOUSA MENDONÇA,REAL VALLADOLID CF,296,8,53.33,0,0.00,3,20.00,3,20.00,2,0,0,0,0,0,8
,MARCOS LLORENTE,ATLÉTICO DE MADRID,764,10,66.67,7,70.00,9,60.00,2,13.33,0,1,0,2,0,0,5
,MARCOS DO NASCIMENTO TEIXEIRA,SEVILLA FC,456,8,53.33,3,37.50,5,33.33,2,13.33,1,1,1,0,0,0,11
,MARIO MAROTO,REAL VALLADOLID CF,18,1,6.67,0,0.00,0,0.00,0,0.00,0,0,0,0,0,0,1
,MARIO MARTÍN,REAL VALLADOLID CF,642,12,80.00,3,25.00,7,46.67,4,26.67,3,1,0,0,0,0,20
,MARKO DMITROVIC,CD LEGANÉS,810,9,60.00,9,100.00,9,60.00,0,0.00,0,0,0,0,0,0,13
,MARTIN VALJENT,RCD MALLORCA,1061,12,75.00,11,91.67,12,75.00,1,6.25,2,0,0,0,0,0,14
,MARTÍN TEJÓN,VALENCIA CF,45,4,30.77,0,0.00,0,0.00,0,0.00,0,0,0,0,0,0,1
,MARTÍN ZUBIMENDI,REAL SOCIEDAD,1305,15,100.00,14,93.33,14,93.33,0,0.00,2,0,0,1,1,0,11
,MARVIN PARK,UD LAS PALMAS,428,7,46.67,2,28.57,5,33.33,3,20.00,1,0,0,0,0,0,9
,LUCAS GARCÍA MADRIGAL,GIRONA FC,0,0,0.00,0,0.00,0,0.00,0,0.00,0,0,0,0,0,0,0
,LUCAS OCAMPOS,,176,2,13.33,1,50.00,2,13.33,1,6.67,0,0,0,0,0,0,3
,LUCAS OLIVEIRA ROSA,REAL VALLADOLID CF,1260,14,93.33,14,100.00,14,93.33,0,0.00,5,0,0,0,0,0,30
,LUCAS TORRÓ,CA OSASUNA,1222,14,93.33,11,78.57,14,93.33,3,20.00,5,0,0,2,0,0,21
,LUCAS VÁZQUEZ,REAL MADRID,621,12,80.00,4,33.33,7,46.67,3,20.00,2,0,0,1,0,0,11
,LUCIEN AGOUMÉ,SEVILLA FC,694,13,86.67,3,23.08,8,53.33,5,33.33,2,1,0,0,0,0,13
,LUIS MILLA,GETAFE CF,1335,15,100.00,14,93.33,15,100.00,1,6.67,1,0,0,1,0,0,13
,LUIS PÉREZ,REAL VALLADOLID CF,1311,15,100.00,14,93.33,15,100.00,1,6.67,2,0,0,0,0,0,30
,LUIS RIOJA,VALENCIA CF,976,13,100.00,4,30.77,11,84.62,7,53.85,3,0,0,2,0,0,14
,LUIZ LÚCIO REIS JÚNIOR,VILLARREAL CF,0,0,0.00,0,0.00,0,0.00,0,0.00,0,0,0,0,0,0,0
,LUKA MODRIC,REAL MADRID,642,15,100.00,2,13.33,5,33.33,3,20.00,3,0,0,0,0,0,7
,LUKA ROMERO,DEPORTIVO ALAVÉS,197,6,40.00,0,0.00,2,13.33,2,13.33,0,0,0,0,1,0,5
,LUKA SUCIC,REAL SOCIEDAD,799,11,73.33,5,45.45,10,66.67,5,33.33,1,0,0,1,0,0,8
,MAMADOU SYLLA,REAL VALLADOLID CF,665,12,80.00,2,16.67,8,53.33,6,40.00,1,0,0,2,1,0,12
,MANU BUENO,SEVILLA FC,0,0,0.00,0,0.00,0,0.00,0,0.00,0,0,0,0,0,0,0
,MANU FUSTER,UD LAS PALMAS,288,10,66.67,0,0.00,3,20.00,3,20.00,0,0,0,1,0,0,6
,MANU GONZÁLEZ,REAL BETIS,0,0,0.00,0,0.00,0,0.00,0,0.00,0,0,0,0,0,0,0
,MANU MORLANES,RCD MALLORCA,961,15,93.75,4,26.67,11,68.75,7,43.75,4,0,0,0,0,0,11
,MANU SÁNCHEZ,DEPORTIVO ALAVÉS,1031,13,86.67,9,69.23,11,73.33,2,13.33,5,0,0,0,0,0,20
,MARASH KUMBULLA,RCD ESPANYOL DE BARCELONA,1014,13,92.86,9,69.23,12,85.71,3,21.43,5,0,0,1,0,0,22
,KIKE BARJA,CA OSASUNA,0,0,0.00,0,0.00,0,0.00,0,0.00,0,0,0,0,0,0,0
,KIKE GARCÍA,DEPORTIVO ALAVÉS,762,14,93.33,1,7.14,8,53.33,7,46.67,2,1,1,3,0,0,8
,KIKE PÉREZ,REAL VALLADOLID CF,839,14,93.33,1,7.14,10,66.67,9,60.00,4,0,0,1,0,0,20
,KIKE SALAS,SEVILLA FC,556,10,66.67,5,50.00,6,40.00,1,6.67,2,0,0,0,0,0,7
,KIKO FEMENÍA,VILLARREAL CF,1104,13,92.86,12,92.31,13,92.86,1,7.14,4,0,0,0,0,0,21
,MIN-SU KIM,GIRONA FC,20,3,20.00,0,0.00,0,0.00,0,0.00,0,0,0,0,0,0,0
,KIRIAN RODRÍGUEZ,UD LAS PALMAS,1176,14,93.33,5,35.71,14,93.33,9,60.00,2,0,0,0,0,0,20
,JORGE IGLESIAS GONZÁLEZ,REAL VALLADOLID CF,0,0,0.00,0,0.00,0,0.00,0,0.00,0,0,0,0,0,0,0
,JORGE RESURRECCIÓN MERODIO,ATLÉTICO DE MADRID,1065,15,100.00,7,46.67,12,80.00,5,33.33,3,0,0,1,0,1,8
,KYLIAN MBAPPÉ,REAL MADRID,1205,14,93.33,7,50.00,14,93.33,7,46.67,1,0,0,8,0,0,10
,LADISLAV KREJCÍ,GIRONA FC,639,8,53.33,7,87.50,7,46.67,0,0.00,4,0,0,2,1,0,9
,LALO AGUILAR,ALBACETE BP,0,0,0.00,0,0.00,0,0.00,0,0.00,0,0,0,0,0,0,0
,LAMINE YAMAL NASRAOUI EBANA,FC BARCELONA,1112,14,87.50,6,42.86,12,75.00,6,37.50,1,0,0,5,2,0,11
,LEANDRO CABRERA,RCD ESPANYOL DE BARCELONA,810,10,71.43,8,80.00,9,64.29,1,7.14,1,0,0,1,0,0,20
,LEO ROMÁN,RCD MALLORCA,450,5,31.25,5,100.00,5,31.25,0,0.00,0,0,0,0,0,0,7
,LLORENÇ SERRED,RCD ESPANYOL DE BARCELONA,0,0,0.00,0,0.00,0,0.00,0,0.00,0,0,0,0,0,0,0
,LOGAN EVANS COSTA,VILLARREAL CF,916,11,78.57,9,81.82,10,71.43,1,7.14,0,0,0,1,1,0,17
,LORENZO AGUADO HERRERA,REAL MADRID,0,0,0.00,0,0.00,0,0.00,0,0.00,0,0,0,0,0,0,0
,LOÏC BADÉ,SEVILLA FC,920,11,73.33,10,90.91,10,66.67,0,0.00,3,0,0,0,0,0,12
,LUCAS ALCÁZAR,REAL BETIS,0,0,0.00,0,0.00,0,0.00,0,0.00,0,0,0,0,0,0,0
,JUAN CRUZ ÁLVARO ARMADA,CA OSASUNA,551,8,53.33,3,37.50,6,40.00,3,20.00,1,0,0,0,0,0,8
,JUAN HERZOG,UD LAS PALMAS,376,5,33.33,4,80.00,4,26.67,0,0.00,0,0,0,0,0,0,8
,JUAN IGLESIAS,GETAFE CF,1064,15,100.00,10,66.67,11,73.33,1,6.67,1,0,0,0,0,0,12
,JUAN MUSSO,ATLÉTICO DE MADRID,90,1,6.67,1,100.00,1,6.67,0,0.00,0,0,0,0,0,0,0
,JUAN SORIANO,CD LEGANÉS,540,6,40.00,6,100.00,6,40.00,0,0.00,1,0,0,0,0,1,7
,JUANLU SÁNCHEZ,SEVILLA FC,491,11,73.33,0,0.00,5,33.33,5,33.33,1,1,1,1,0,0,6
,JUAN MIGUEL JIMÉNEZ LÓPEZ,REAL BETIS,186,8,53.33,0,0.00,2,13.33,2,13.33,2,0,0,0,0,0,3
,JUANMI LATASA,REAL VALLADOLID CF,488,11,73.33,3,27.27,4,26.67,1,6.67,4,0,0,0,0,0,15
,JUAN PEDRO RAMÍREZ LÓPEZ,GIRONA FC,271,4,26.67,3,75.00,3,20.00,0,0.00,1,0,0,0,0,0,5
,JUDE BELLINGHAM,REAL MADRID,918,11,73.33,6,54.55,11,73.33,5,33.33,2,0,0,4,0,0,12
,JULEN AGIRREZABALA,ATHLETIC CLUB,1117,13,81.25,12,92.31,13,81.25,1,6.25,1,1,0,0,0,0,9
,JULEN LARTITEGI,DEPORTIVO ALAVÉS,0,0,0.00,0,0.00,0,0.00,0,0.00,0,0,0,0,0,0,0
,JULES KOUNDÉ,FC BARCELONA,1255,16,100.00,12,75.00,14,87.50,2,12.50,2,0,0,1,0,0,15
,JULIÁN ÁLVAREZ,ATLÉTICO DE MADRID,857,15,100.00,2,13.33,10,66.67,8,53.33,2,0,0,5,0,0,3
,JULIÁN CHICCO,CD LEGANÉS,177,7,46.67,0,0.00,1,6.67,1,6.67,0,0,0,0,0,0,6
,JUMA BAH,REAL VALLADOLID CF,544,7,46.67,5,71.43,6,40.00,1,6.67,1,0,0,0,0,0,13
,JUSTIN SMITH,RCD ESPANYOL DE BARCELONA,89,2,14.29,0,0.00,1,7.14,1,7.14,0,0,0,0,0,0,0
,KARL HEIN,REAL VALLADOLID CF,1350,15,100.00,15,100.00,15,100.00,0,0.00,0,0,0,0,0,0,32
,KELECHI IHEANACHO,SEVILLA FC,354,7,46.67,0,0.00,4,26.67,4,26.67,0,0,0,0,0,0,5
,ROBERT KENEDY NUNES DO NASCIMENTO,REAL VALLADOLID CF,7,2,13.33,0,0.00,0,0.00,0,0.00,0,0,0,0,0,0,1
,JON MONCAYOLA,CA OSASUNA,931,14,93.33,2,14.29,11,73.33,9,60.00,4,0,0,0,0,0,13
,JON OLASAGASTI,REAL SOCIEDAD,82,5,33.33,0,0.00,0,0.00,0,0.00,0,0,0,0,0,0,0
,JON PACHECO,REAL SOCIEDAD,384,7,46.67,3,42.86,4,26.67,1,6.67,2,0,0,0,0,0,3
,JONATHAN BAMBA,RC CELTA,721,10,66.67,4,40.00,9,60.00,5,33.33,1,0,0,0,0,0,18
,JONI MONTIEL,RAYO VALLECANO,0,0,0.00,0,0.00,0,0.00,0,0.00,0,0,0,0,0,0,0
,JORGE HERRANDO,CA OSASUNA,373,6,40.00,4,66.67,4,26.67,0,0.00,2,0,0,0,0,0,6
,JORGE SÁENZ,CD LEGANÉS,530,8,53.33,4,50.00,7,46.67,3,20.00,2,0,0,1,0,0,4
,JORGE DE FRUTOS,RAYO VALLECANO,986,14,100.00,3,21.43,11,78.57,8,57.14,1,0,0,3,0,0,12
,JOSEPH AIDOO,RC CELTA,1,1,6.67,0,0.00,0,0.00,0,0.00,0,0,0,0,0,0,0
,JOSÉ ARNÁIZ,CA OSASUNA,30,4,26.67,-1,-25.00,0,0.00,1,6.67,0,0,0,0,0,0,1
,JOSÉ CAMPAÑA,UD LAS PALMAS,542,10,66.67,0,0.00,8,53.33,8,53.33,3,0,0,0,0,0,10
,JOSÉ GAYÀ,VALENCIA CF,279,4,30.77,2,50.00,3,23.08,1,7.69,1,0,0,0,0,0,5
,JOSÉ GRAGERA,RCD ESPANYOL DE BARCELONA,569,10,71.43,2,20.00,7,50.00,5,35.71,0,0,0,0,0,0,12
,JOSÉ GIMÉNEZ,ATLÉTICO DE MADRID,1016,13,86.67,10,76.92,10,66.67,0,0.00,1,0,0,0,0,1,3
,JOSÉ ÁNGEL CARMONA,SEVILLA FC,1326,15,100.00,11,73.33,15,100.00,4,26.67,3,0,0,0,0,0,19
,JOÃO URBÁEZ,CD LEGANÉS,0,0,0.00,0,0.00,0,0.00,0,0.00,0,0,0,0,0,0,0
,JUAN BERNAT,VILLARREAL CF,43,7,50.00,0,0.00,0,0.00,0,0.00,0,0,0,0,0,0,0
,JUAN BERROCAL,GETAFE CF,554,7,46.67,3,42.86,6,40.00,3,20.00,1,1,1,0,0,0,6
,JUAN CARLOS MARTÍN CORRAL,GIRONA FC,0,0,0.00,0,0.00,0,0.00,0,0.00,0,1,0,0,0,0,0
,JUAN CRUZ,CD LEGANÉS,927,15,100.00,2,13.33,11,73.33,9,60.00,1,0,0,4,0,0,11
,JESÚS ARESO,CA OSASUNA,1244,14,93.33,12,85.71,14,93.33,2,13.33,2,0,0,0,0,0,18
,JESÚS NAVAS,SEVILLA FC,320,13,86.67,0,0.00,2,13.33,2,13.33,0,0,0,1,0,0,6
,JESÚS OWONO,DEPORTIVO ALAVÉS,0,0,0.00,0,0.00,0,0.00,0,0.00,0,0,0,0,0,0,0
,JESÚS RODRIGUEZ,REAL BETIS,83,1,6.67,0,0.00,1,6.67,1,6.67,0,0,0,0,0,0,2
,JESÚS VALLEJO,REAL MADRID,10,1,6.67,0,0.00,0,0.00,0,0.00,0,0,0,0,0,0,2
,JESÚS VÁZQUEZ,VALENCIA CF,561,8,61.54,3,37.50,7,53.85,4,30.77,2,0,0,0,0,0,9
,JHON SOLÍS,GIRONA FC,318,7,46.67,1,14.29,2,13.33,1,6.67,0,0,0,0,0,0,8
,JIRÍ LETÁCEK,GETAFE CF,0,0,0.00,0,0.00,0,0.00,0,0.00,0,0,0,0,0,0,0
,JOAN GARCÍA,RCD ESPANYOL DE BARCELONA,1260,14,100.00,14,100.00,14,100.00,0,0.00,2,0,0,0,0,0,27
,JOAN JORDÁN,DEPORTIVO ALAVÉS,339,8,53.33,1,12.50,2,13.33,1,6.67,1,0,0,0,0,0,8
,JOAQUÍN PANICHELLI,CD MIRANDÉS,0,0,0.00,0,0.00,0,0.00,0,0.00,0,0,0,0,0,0,0
,JOEL ROCA,CD MIRANDÉS,0,0,0.00,0,0.00,0,0.00,0,0.00,0,0,0,0,0,0,0
,JOFRE CARRERAS,RCD ESPANYOL DE BARCELONA,947,14,100.00,2,14.29,12,85.71,10,71.43,4,0,0,2,0,0,23
,JOHAN MOJICA,RCD MALLORCA,1177,15,93.75,12,80.00,13,81.25,1,6.25,3,0,0,1,0,0,16
,JOHN PATRICK,GETAFE CF,30,3,20.00,0,0.00,0,0.00,0,0.00,0,0,0,0,0,0,0
,JOHNNY CARDOSO,REAL BETIS,562,9,60.00,5,55.56,6,40.00,1,6.67,2,0,0,0,0,0,7
,JON ARAMBURU,REAL SOCIEDAD,930,13,86.67,6,46.15,11,73.33,5,33.33,4,0,0,0,0,0,7
,JON GURIDI,DEPORTIVO ALAVÉS,842,13,86.67,2,15.38,10,66.67,8,53.33,3,0,0,2,0,0,12
,JON MAGUNAZELAIA,REAL SOCIEDAD,6,2,13.33,0,0.00,0,0.00,0,0.00,0,0,0,0,0,0,0
,JON MARTÍN,REAL SOCIEDAD,90,2,13.33,0,0.00,0,0.00,0,0.00,1,0,0,0,0,0,1
,JAIME MATA,UD LAS PALMAS,257,13,86.67,0,0.00,2,13.33,2,13.33,3,0,0,0,0,0,7
,JAMES RODRÍGUEZ,RAYO VALLECANO,135,6,42.86,0,0.00,1,7.14,1,7.14,1,0,0,0,0,0,2
,JAN OBLAK,ATLÉTICO DE MADRID,1260,14,93.33,14,100.00,14,93.33,0,0.00,0,0,0,0,0,0,8
,JAN SALAS,RCD MALLORCA,0,0,0.00,0,0.00,0,0.00,0,0.00,0,0,0,0,0,0,0
,JASPER CILLESSEN,UD LAS PALMAS,1140,13,86.67,12,92.31,13,86.67,1,6.67,1,0,0,0,0,0,21
,ANTONINO JASTIN GARCÍA LÓPEZ,GIRONA FC,0,0,0.00,0,0.00,0,0.00,0,0.00,0,0,0,0,0,0,0
,JAUME DOMÈNECH,VALENCIA CF,0,0,0.00,0,0.00,0,0.00,0,0.00,0,0,0,0,0,0,0
,JAVI GALÁN,ATLÉTICO DE MADRID,407,7,46.67,1,14.29,5,33.33,4,26.67,3,0,0,0,0,0,2
,JAVI GUERRA,VALENCIA CF,682,12,92.31,1,8.33,8,61.54,7,53.85,1,0,0,0,0,0,13
,JAVI HERNÁNDEZ,CD LEGANÉS,895,12,80.00,8,66.67,10,66.67,2,13.33,1,0,0,0,0,0,12
,JAVI LLABRÉS,RCD MALLORCA,0,0,0.00,0,0.00,0,0.00,0,0.00,0,0,0,0,0,0,0
,JAVI LÓPEZ,REAL SOCIEDAD,715,11,73.33,4,36.36,8,53.33,4,26.67,1,0,0,0,0,0,8
,JAVI MARTÍNEZ,CA OSASUNA,5,1,6.67,0,0.00,0,0.00,0,0.00,0,0,0,0,0,0,1
,JAVI MUÑOZ,UD LAS PALMAS,912,15,100.00,7,46.67,9,60.00,2,13.33,1,0,0,0,0,0,19
,JAVI PUADO,RCD ESPANYOL DE BARCELONA,1008,12,85.71,8,66.67,12,85.71,4,28.57,2,0,0,5,0,0,20
,JAVI RODRÍGUEZ,RC CELTA,871,14,93.33,6,42.86,8,53.33,2,13.33,3,0,0,1,0,0,18
,JAVI SERRANO,ATLÉTICO DE MADRID,0,0,0.00,0,0.00,0,0.00,0,0.00,0,0,0,0,0,0,0
,JAVI SÁNCHEZ DE FELIPE,REAL VALLADOLID CF,705,9,60.00,5,55.56,9,60.00,4,26.67,2,0,0,0,0,0,17
,JAVIER MANQUILLO,RC CELTA,497,9,60.00,0,0.00,7,46.67,7,46.67,1,0,0,0,0,0,10
,JAVIER MARTÓN,ATHLETIC CLUB,50,3,18.75,0,0.00,0,0.00,0,0.00,1,0,0,0,0,0,0
,IKER ÁLVAREZ,VILLARREAL B,0,0,0.00,0,0.00,0,0.00,0,0.00,0,0,0,0,0,0,0
,MORIBA KOUROUMA KOUROUMA,RC CELTA,604,12,80.00,2,16.67,7,46.67,5,33.33,3,1,1,0,0,0,13
,ILIAS AKHOMACH,VILLARREAL B,587,11,78.57,0,0.00,7,50.00,7,50.00,1,0,0,1,0,0,7
,ILIAS KOSTIS,ATLÉTICO DE MADRID,0,0,0.00,0,0.00,0,0.00,0,0.00,0,0,0,0,0,0,0
,IRVIN CARDONA,RCD ESPANYOL DE BARCELONA,408,12,85.71,0,0.00,3,21.43,3,21.43,1,0,0,1,0,0,4
,ISAAC ROMERO,SEVILLA FC,982,13,86.67,5,38.46,12,80.00,7,46.67,4,0,0,0,0,0,14
,ISI PALAZÓN,RAYO VALLECANO,785,14,100.00,2,14.29,9,64.29,7,50.00,1,0,0,1,0,0,10
,ISRAEL DOMÍNGUEZ,SEVILLA FC,17,1,6.67,0,0.00,0,0.00,0,0.00,0,0,0,0,0,0,0
,IVÁN BALLIU,RAYO VALLECANO,589,10,71.43,6,60.00,6,42.86,0,0.00,2,0,0,0,0,0,7
,IVÁN CUÉLLAR,RCD MALLORCA,0,0,0.00,0,0.00,0,0.00,0,0.00,0,0,0,0,0,0,0
,IVÁN GIL,UD LAS PALMAS,0,0,0.00,0,0.00,0,0.00,0,0.00,0,0,0,0,0,0,0
,IVÁN MARTÍN,GIRONA FC,834,11,73.33,6,54.55,10,66.67,4,26.67,0,0,0,1,0,0,12
,IVÁN SÁNCHEZ AGUAYO,REAL VALLADOLID CF,534,14,93.33,2,14.29,3,20.00,1,6.67,3,0,0,1,0,0,16
,IVÁN VILLAR,RC CELTA,360,4,26.67,4,100.00,4,26.67,0,0.00,0,0,0,0,0,0,9
,IGNACIO PEÑA SOTORRES,FC BARCELONA,945,11,68.75,10,90.91,10,62.50,0,0.00,1,0,0,0,0,0,12
,IÑAKI WILLIAMS,ATHLETIC CLUB,1207,15,93.75,9,60.00,14,87.50,5,31.25,0,0,0,3,1,0,12
,ÍÑIGO MARTÍNEZ,FC BARCELONA,1332,15,93.75,13,86.67,15,93.75,2,12.50,3,0,0,0,0,0,13
,JACKSON POROZO,CD LEGANÉS,0,0,0.00,0,0.00,0,0.00,0,0.00,0,0,0,0,0,0,0
,JACOBO RAMÓN,REAL MADRID,0,0,0.00,0,0.00,0,0.00,0,0.00,0,0,0,0,0,0,0
,JAILSON MARQUES SIQUEIRA,RC CELTA,453,6,40.00,3,50.00,5,33.33,2,13.33,0,0,0,0,0,1,11
,GORKA RIVERA,GETAFE CF,19,1,6.67,0,0.00,0,0.00,0,0.00,0,0,0,0,0,0,0
,GUILLE FERNÁNDEZ,FC BARCELONA,0,0,0.00,0,0.00,0,0.00,0,0.00,0,0,0,0,0,0,0
,GUILLEM TRILLA,GETAFE CF,0,0,0.00,0,0.00,0,0.00,0,0.00,0,0,0,0,0,0,0
,HAMARI TRAORÉ,REAL SOCIEDAD,314,4,26.67,1,25.00,4,26.67,3,20.00,0,0,0,0,0,0,3
,HORATIU MOLDOVAN,,0,0,0.00,0,0.00,0,0.00,0,0.00,0,0,0,0,0,0,0
,HUGO DURO,VALENCIA CF,869,11,84.62,6,54.55,10,76.92,4,30.77,2,0,0,4,0,1,18
,HUGO GUILLAMÓN,VALENCIA CF,329,8,61.54,1,12.50,4,30.77,3,23.08,2,0,0,0,0,0,5
,HUGO NOVOA,DEPORTIVO ALAVÉS,220,4,26.67,2,50.00,2,13.33,0,0.00,0,0,0,0,0,0,6
,HUGO SOTELO,RC CELTA,598,11,73.33,2,18.18,7,46.67,5,33.33,4,0,0,0,0,0,9
,HUGO ÁLVAREZ,RC CELTA,1043,15,100.00,8,53.33,11,73.33,3,20.00,4,0,0,2,0,0,21
,HÉCTOR BELLERÍN,REAL BETIS,523,7,46.67,5,71.43,6,40.00,1,6.67,1,0,0,0,0,0,5
,HÉCTOR FORT,FC BARCELONA,269,8,50.00,0,0.00,2,12.50,2,12.50,1,0,0,0,0,0,6
,IAGO ASPAS,RC CELTA,1070,14,93.33,8,57.14,12,80.00,4,26.67,2,1,1,5,1,0,19
,IGOR ZUBELDIA,REAL SOCIEDAD,1116,13,86.67,11,84.62,13,86.67,2,13.33,4,0,0,0,0,0,9
,IKER ALMENA,,46,2,13.33,0,0.00,0,0.00,0,0.00,0,0,0,0,0,0,1
,IKER BACHILLER,CD LEGANÉS,0,0,0.00,0,0.00,0,0.00,0,0.00,0,0,0,0,0,0,0
,IKER BENITO,CA OSASUNA,35,2,13.33,0,0.00,0,0.00,0,0.00,0,0,0,0,0,0,2
,IKER CÓRDOBA,VALENCIA CF,0,0,0.00,0,0.00,0,0.00,0,0.00,0,0,0,0,0,0,0
,IKER LOSADA,REAL BETIS,334,10,66.67,0,0.00,3,20.00,3,20.00,0,0,0,0,0,0,8
,IKER MUÑOZ,CA OSASUNA,152,5,33.33,-1,-20.00,2,13.33,3,20.00,0,0,0,0,0,0,3
,FRAN GARCÍA,REAL MADRID,667,12,80.00,5,41.67,7,46.67,2,13.33,0,0,0,0,0,0,4
,FRANCISCO JAVIER GONZÁLEZ PÉREZ,REAL MADRID,0,0,0.00,0,0.00,0,0.00,0,0.00,0,0,0,0,0,0,0
,FRAN PÉREZ,VALENCIA CF,35,3,23.08,0,0.00,0,0.00,0,0.00,0,0,0,0,0,0,1
,FRANCISCO BARBOSA VIEITES,REAL BETIS,0,0,0.00,0,0.00,0,0.00,0,0.00,0,0,0,0,0,0,0
,FRANCO CERVI,RC CELTA,11,1,6.67,0,0.00,0,0.00,0,0.00,0,0,0,0,0,0,0
,FRENKIE DE JONG,FC BARCELONA,199,7,43.75,0,0.00,1,6.25,1,6.25,0,0,0,1,0,0,5
,FÁBIO DANIEL SOARES SILVA,UD LAS PALMAS,814,11,73.33,3,27.27,10,66.67,7,46.67,4,0,0,5,0,0,15
,GABRIEL MISEHOUY,GIRONA FC,185,6,40.00,1,16.67,1,6.67,0,0.00,0,0,0,1,0,0,1
,PABLO PÁEZ GAVIRA,FC BARCELONA,161,7,43.75,0,0.00,2,12.50,2,12.50,1,0,0,0,0,0,2
,GERARD GUMBAU,RAYO VALLECANO,450,10,71.43,0,0.00,4,28.57,4,28.57,2,0,0,0,0,0,8
,GERARD MARTÍN,FC BARCELONA,387,11,68.75,1,9.09,4,25.00,3,18.75,2,0,0,0,0,0,7
,GERARD MORENO,VILLARREAL CF,179,4,28.57,0,0.00,2,14.29,2,14.29,0,0,0,1,0,0,5
,GERMÁN VALERA,VALENCIA CF,72,6,46.15,0,0.00,0,0.00,0,0.00,0,0,0,0,0,0,3
,GERÓNIMO SPINA,ATLÉTICO DE MADRID,0,0,0.00,0,0.00,0,0.00,0,0.00,0,0,0,0,0,0,0
,GIORGI MAMARDASHVILI,VALENCIA CF,1170,13,100.00,13,100.00,13,100.00,0,0.00,0,0,0,0,0,0,21
,GIOVANI LO CELSO,REAL BETIS,617,9,60.00,4,44.44,6,40.00,2,13.33,1,0,0,5,0,0,7
,GIULIANO SIMEONE,ATLÉTICO DE MADRID,423,10,66.67,1,10.00,4,26.67,3,20.00,2,0,0,1,0,0,0
,GONZALO GARCÍA,REAL MADRID,0,0,0.00,0,0.00,0,0.00,0,0.00,0,0,0,0,0,0,0
,GONZALO MONTIEL,SEVILLA FC,11,3,20.00,0,0.00,0,0.00,0,0.00,0,0,0,0,0,0,2
,GORKA GURUZETA,ATHLETIC CLUB,793,15,93.75,2,13.33,9,56.25,7,43.75,1,0,0,4,0,0,9
,ENRIC GARCÍA,GIRONA FC,0,0,0.00,0,0.00,0,0.00,0,0.00,0,0,0,0,0,0,0
,ENZO BARRENECHEA,VALENCIA CF,503,9,69.23,0,0.00,6,46.15,6,46.15,3,0,0,1,1,0,10
,ENZO BOYOMO,CA OSASUNA,1260,14,93.33,14,100.00,14,93.33,0,0.00,3,0,0,1,0,0,20
,ENZO LOIODICE,UD LAS PALMAS,253,7,46.67,1,14.29,2,13.33,1,6.67,1,0,0,0,0,0,8
,ERAY CÖMERT,REAL VALLADOLID CF,890,13,86.67,6,46.15,11,73.33,5,33.33,4,0,0,0,0,0,27
,ERIC BAILLY,VILLARREAL CF,534,8,57.14,3,37.50,6,42.86,3,21.43,2,0,0,0,0,0,13
,ERIC GARCÍA,FC BARCELONA,446,9,56.25,3,33.33,3,18.75,0,0.00,0,0,0,0,0,0,6
,ETIENNE ETO'O PINEDA,RAYO VALLECANO,0,0,0.00,0,0.00,0,0.00,0,0.00,0,0,0,0,0,0,0
,KARL EDOUARD BLAISE ETTA EYONG,VILLARREAL CF,0,0,0.00,0,0.00,0,0.00,0,0.00,0,0,0,0,0,0,0
,FABIO GONZÁLEZ,UD LAS PALMAS,52,2,13.33,0,0.00,0,0.00,0,0.00,0,0,0,0,0,0,1
,FEDERICO VALVERDE,REAL MADRID,1302,15,100.00,13,86.67,15,100.00,2,13.33,2,0,0,3,0,0,11
,FERLAND MENDY,REAL MADRID,684,10,66.67,5,50.00,8,53.33,3,20.00,1,1,0,0,0,0,10
,FERMÍN LÓPEZ,FC BARCELONA,304,10,62.50,0,0.00,3,18.75,3,18.75,2,0,0,0,0,0,6
,FERNANDO CALERO,RCD ESPANYOL DE BARCELONA,186,3,21.43,1,33.33,2,14.29,1,7.14,0,0,0,0,0,0,1
,FERNANDO LÓPEZ,RC CELTA,0,0,0.00,0,0.00,0,0.00,0,0.00,0,0,0,0,0,0,0
,FERNANDO PACHECO,RCD ESPANYOL DE BARCELONA,0,0,0.00,0,0.00,0,0.00,0,0.00,0,0,0,0,0,0,0
,FERRAN TORRES,FC BARCELONA,434,10,62.50,1,10.00,6,37.50,5,31.25,0,1,0,2,0,0,10
,FERRÁN RUIZ MARTÍ,GIRONA FC,17,1,6.67,0,0.00,0,0.00,0,0.00,0,0,0,0,0,0,0
,FLORIAN LEJEUNE,RAYO VALLECANO,1256,14,100.00,13,92.86,14,100.00,1,7.14,2,0,0,0,0,0,16
,FRAN BELTRÁN,RC CELTA,829,11,73.33,5,45.45,10,66.67,5,33.33,1,0,0,1,0,0,15
,DIEGO LÓPEZ,VALENCIA CF,941,13,100.00,4,30.77,11,84.62,7,53.85,1,0,0,2,0,0,16
,DIEGO RICO,GETAFE CF,1257,15,100.00,13,86.67,14,93.33,1,6.67,4,0,0,0,1,0,12
,DIMITRI FOULQUIER,VALENCIA CF,659,13,100.00,5,38.46,6,46.15,1,7.69,2,0,0,0,0,0,12
,DIMITRIOS STAMATAKIS,CA OSASUNA,0,0,0.00,0,0.00,0,0.00,0,0.00,0,0,0,0,0,0,0
,DINKO HORKAS,UD LAS PALMAS,210,3,20.00,2,66.67,2,13.33,0,0.00,1,0,0,0,0,0,5
,DJENÉ DAKONAM,GETAFE CF,1040,13,86.67,9,69.23,13,86.67,4,26.67,5,0,0,0,0,0,8
,DJIBRIL SOW,SEVILLA FC,655,12,80.00,2,16.67,7,46.67,5,33.33,3,0,0,1,0,0,9
,DJORDJIJE MEDENICA,GETAFE CF,0,0,0.00,0,0.00,0,0.00,0,0.00,0,0,0,0,0,0,0
,DODI LUKÉBAKIO,SEVILLA FC,1185,15,100.00,8,53.33,14,93.33,6,40.00,1,0,0,6,0,0,17
,DOMINGOS DE SOUSA COUTINHO MENESES DUARTE,GETAFE CF,181,3,20.00,2,66.67,2,13.33,0,0.00,0,0,0,0,0,0,3
,DOMINIK GREIF,RCD MALLORCA,990,11,68.75,11,100.00,11,68.75,0,0.00,0,0,0,0,0,0,11
,DONNY VAN DE BEEK,GIRONA FC,652,11,73.33,3,27.27,7,46.67,4,26.67,3,0,0,1,0,0,10
,DÁRIO CASSIA LUÍS ESSUGO,UD LAS PALMAS,763,9,60.00,5,55.56,9,60.00,4,26.67,4,0,0,1,0,0,13
,EDU EXPÓSITO,RCD ESPANYOL DE BARCELONA,0,0,0.00,0,0.00,0,0.00,0,0.00,0,0,0,0,0,0,0
,EDUARDO CAMAVINGA,REAL MADRID,390,5,33.33,2,40.00,5,33.33,3,20.00,0,0,0,0,0,0,3
,EGOITZ ARANA,REAL SOCIEDAD,0,0,0.00,0,0.00,0,0.00,0,0.00,0,0,0,0,0,0,0
,EGOITZ MUÑOZ,DEPORTIVO ALAVÉS,0,0,0.00,0,0.00,0,0.00,0,0.00,0,0,0,0,0,0,0
,ENDRICK FELIPE MOREIRA DE SOUSA,REAL MADRID,60,10,66.67,0,0.00,0,0.00,0,0.00,1,0,0,1,1,0,3
,ENEKO ORTIZ,DEPORTIVO ALAVÉS,0,0,0.00,0,0.00,0,0.00,0,0.00,0,0,0,0,0,0,0
,ENRIC FRANQUESA,CD LEGANÉS,614,12,80.00,4,33.33,7,46.67,3,20.00,1,0,0,1,0,0,10
,DANI REQUENA,VILLARREAL CF,0,0,0.00,0,0.00,0,0.00,0,0.00,0,0,0,0,0,0,0
,DANI RODRÍGUEZ,RCD MALLORCA,851,16,100.00,0,0.00,10,62.50,10,62.50,1,0,0,3,0,0,11
,DANI VIVIAN,ATHLETIC CLUB,1044,13,81.25,11,84.62,11,68.75,0,0.00,1,0,0,2,0,0,11
,DANIEL LUNA,RCD MALLORCA,18,2,12.50,0,0.00,0,0.00,0,0.00,0,0,0,0,0,0,0
,DARKO BRASANAC,CD LEGANÉS,789,13,86.67,3,23.08,8,53.33,5,33.33,0,0,0,1,0,0,12
,DARWIN MACHÍS,REAL VALLADOLID CF,272,5,33.33,0,0.00,5,33.33,5,33.33,0,0,0,0,0,0,2
,DAVID ARGÜELLES,GETAFE CF,6,1,6.67,0,0.00,0,0.00,0,0.00,0,0,0,0,0,0,0
,DAVID JIMÉNEZ,REAL MADRID,0,0,0.00,0,0.00,0,0.00,0,0.00,0,0,0,0,0,0,0
,DAVID LÓPEZ,GIRONA FC,1206,14,93.33,13,92.86,13,86.67,0,0.00,2,0,0,0,0,0,18
,DAVID OTORBI,VALENCIA CF,13,1,7.69,0,0.00,0,0.00,0,0.00,0,0,0,0,0,0,0
,DAVID SORIA,GETAFE CF,1350,15,100.00,15,100.00,15,100.00,0,0.00,0,0,0,0,0,0,13
,DAVID TORRES,REAL VALLADOLID CF,696,9,60.00,6,66.67,7,46.67,1,6.67,4,0,0,0,0,1,11
,DAWDA CAMARA,GIRONA FC,0,0,0.00,0,0.00,0,0.00,0,0.00,0,0,0,0,0,0,0
,DENIS SUÁREZ,VILLARREAL CF,111,5,35.71,0,0.00,1,7.14,1,7.14,0,0,0,0,0,0,2
,DIEGO AGUADO FACIO,REAL MADRID,0,0,0.00,0,0.00,0,0.00,0,0.00,0,0,0,0,0,0,0
,DIEGO CONDE,VILLARREAL CF,1260,14,100.00,14,100.00,14,100.00,0,0.00,1,0,0,0,0,0,23
,DIEGO FERRER,GETAFE CF,0,0,0.00,0,0.00,0,0.00,0,0.00,0,0,0,0,0,0,0
,DIEGO GARCÍA,CD LEGANÉS,268,8,53.33,1,12.50,3,20.00,2,13.33,0,0,0,1,0,0,3
,DIEGO KOCHEN,FC BARCELONA,0,0,0.00,0,0.00,0,0.00,0,0.00,0,0,0,0,0,0,0
,DIEGO LLORENTE,REAL BETIS,1225,14,93.33,13,92.86,14,93.33,1,6.67,0,0,0,0,0,1,13
,CONOR GALLAGHER,ATLÉTICO DE MADRID,690,11,73.33,4,36.36,8,53.33,4,26.67,1,0,0,2,0,0,3
,JOSÉ MANUEL ARIAS COPETE,RCD MALLORCA,415,10,62.50,4,40.00,4,25.00,0,0.00,2,0,0,0,0,0,7
,CRISTHIAN MOSQUERA,VALENCIA CF,1170,13,100.00,13,100.00,13,100.00,0,0.00,3,0,0,0,0,0,21
,CRISTHIAN STUANI,GIRONA FC,219,11,73.33,0,0.00,0,0.00,0,0.00,1,0,0,4,0,0,1
,CYLE LARIN,RCD MALLORCA,741,13,81.25,1,7.69,10,62.50,9,56.25,2,0,0,2,0,0,7
,CÉDRIC BAKAMBU,REAL BETIS,267,9,60.00,0,0.00,2,13.33,2,13.33,1,0,0,0,0,0,2
,CÉSAR AZPILICUETA,ATLÉTICO DE MADRID,482,6,40.00,4,66.67,6,40.00,2,13.33,0,0,0,0,0,0,4
,CÉSAR FERNÁNDEZ,RC CELTA,0,0,0.00,0,0.00,0,0.00,0,0.00,0,0,0,0,0,0,0
,CÉSAR TÁRREGA,VALENCIA CF,990,11,84.62,11,100.00,11,84.62,0,0.00,3,0,0,2,0,0,16
,CÉSAR DE LA HOZ,REAL VALLADOLID CF,0,0,0.00,0,0.00,0,0.00,0,0.00,0,0,0,0,0,0,0
,DALEY BLIND,GIRONA FC,995,13,86.67,10,76.92,11,73.33,1,6.67,2,0,0,0,0,0,14
,DALEY SINKGRAVEN,UD LAS PALMAS,90,2,13.33,0,0.00,1,6.67,1,6.67,0,0,0,0,0,0,2
,DAMIÁN RODRÍGUEZ,RC CELTA,619,11,73.33,5,45.45,6,40.00,1,6.67,2,0,0,0,0,0,16
,DANI CARVAJAL,REAL MADRID,609,8,53.33,5,62.50,7,46.67,2,13.33,2,0,0,1,0,0,3
,DANI CEBALLOS,REAL MADRID,316,6,40.00,2,33.33,4,26.67,2,13.33,1,0,0,0,0,0,1
,DANI CÁRDENAS,RAYO VALLECANO,360,4,28.57,4,100.00,4,28.57,0,0.00,0,0,0,0,0,0,5
,DANI GÓMEZ,VALENCIA CF,422,11,84.62,0,0.00,4,30.77,4,30.77,0,0,0,1,0,0,6
,DANI OLMO,FC BARCELONA,476,8,50.00,0,0.00,5,31.25,5,31.25,0,0,0,5,0,0,3
,DANI PAREJO,VILLARREAL CF,1016,14,100.00,6,42.86,12,85.71,6,42.86,4,0,0,2,0,0,18
,DANI RABA,CD LEGANÉS,384,8,53.33,0,0.00,5,33.33,5,33.33,0,0,0,0,0,0,4
,BRYAN ZARAGOZA,CA OSASUNA,1061,15,100.00,1,6.67,13,86.67,12,80.00,3,0,0,1,0,0,17
,CARL STARFELT,RC CELTA,1095,14,93.33,11,78.57,12,80.00,1,6.67,2,0,0,1,0,0,23
,CARLES ALEÑÁ,GETAFE CF,309,7,46.67,0,0.00,3,20.00,3,20.00,1,0,0,0,0,0,3
,CARLES PÉREZ,GETAFE CF,1045,15,100.00,4,26.67,13,86.67,9,60.00,1,0,0,0,0,0,13
,CARLOS BENAVÍDEZ,DEPORTIVO ALAVÉS,229,6,40.00,1,16.67,4,26.67,3,20.00,1,0,0,1,0,0,6
,CARLOS DOMÍNGUEZ,RC CELTA,343,6,40.00,3,50.00,4,26.67,1,6.67,0,0,0,0,0,1,6
,CARLOS GUIRAO,REAL BETIS,112,2,13.33,0,0.00,2,13.33,2,13.33,0,0,0,0,0,0,6
,CARLOS MARTÍN,DEPORTIVO ALAVÉS,444,9,60.00,0,0.00,5,33.33,5,33.33,1,0,0,1,0,0,5
,CARLOS ROMERO,RCD ESPANYOL DE BARCELONA,932,14,100.00,4,28.57,11,78.57,7,50.00,4,0,0,1,0,0,22
,CARLOS VICENTE,DEPORTIVO ALAVÉS,1236,14,93.33,10,71.43,14,93.33,4,26.67,1,0,0,3,0,0,20
,JOSÉ LUIS CATALÀ VÁZQUEZ,RCD ESPANYOL DE BARCELONA,0,0,0.00,0,0.00,0,0.00,0,0.00,0,0,0,0,0,0,0
,CENK ÖZKACAR,REAL VALLADOLID CF,196,4,30.77,2,50.00,3,23.08,1,7.69,0,0,0,0,0,0,5
,JOSÉ MARÍA ANDRES BAIXAULI,REAL MADRID,0,0,0.00,0,0.00,0,0.00,0,0.00,0,0,0,0,0,0,0
,CHIDERA EJUKE,SEVILLA FC,541,9,60.00,2,22.22,6,40.00,4,26.67,0,0,0,1,0,0,7
,CHIMY ÁVILA,REAL BETIS,446,13,86.67,0,0.00,4,26.67,4,26.67,4,0,0,2,0,0,4
,FRANCISCO JORGE TAVARES OLIVEIRA,RCD MALLORCA,139,6,37.50,0,0.00,1,6.25,1,6.25,2,0,0,0,0,0,1
,CHRISTANTUS UCHE,GETAFE CF,1110,15,100.00,3,20.00,13,86.67,10,66.67,3,0,0,1,0,0,9
,IVÁN CANTALEJO,REAL VALLADOLID CF,87,4,26.67,0,0.00,1,6.67,1,6.67,1,0,0,0,0,0,6
,CLÉMENT LENGLET,ATLÉTICO DE MADRID,487,6,40.00,4,66.67,6,40.00,2,13.33,4,0,0,1,0,0,3
,COBA DA COSTA,GETAFE CF,45,1,6.67,0,0.00,0,0.00,0,0.00,0,0,0,0,0,0,0
,ARNAU SOLÀ,VILLARREAL CF,0,0,0.00,0,0.00,0,0.00,0,0.00,0,0,0,0,0,0,0
,ARNAUT DANJUMA,GIRONA FC,779,13,92.86,2,15.38,10,71.43,8,57.14,2,0,0,2,0,0,14
,ARTHUR VERMEEREN,RB LEIPZIG,0,0,0.00,0,0.00,0,0.00,0,0.00,0,0,0,0,0,0,0
,ASIER VILLALIBRE,DEPORTIVO ALAVÉS,210,7,46.67,0,0.00,2,13.33,2,13.33,0,0,0,1,0,0,7
,ASSANE DIAO,REAL BETIS,213,7,46.67,0,0.00,2,13.33,2,13.33,0,0,0,0,0,0,3
,AUGUSTO BATALLA,RAYO VALLECANO,900,10,71.43,10,100.00,10,71.43,0,0.00,1,0,0,0,0,0,11
,AURÉLIEN TCHOUAMÉNI,REAL MADRID,917,11,73.33,8,72.73,11,73.33,3,20.00,1,0,0,0,0,0,10
,AXEL WITSEL,ATLÉTICO DE MADRID,618,9,60.00,6,66.67,7,46.67,1,6.67,0,0,0,0,0,0,7
,AYOZE PÉREZ,VILLARREAL CF,517,9,64.29,2,22.22,5,35.71,3,21.43,3,0,0,7,0,0,9
,BENITO RAMÍREZ,UD LAS PALMAS,272,10,66.67,0,0.00,1,6.67,1,6.67,1,0,0,0,0,0,6
,BERTUG YILDIRIM,GETAFE CF,739,11,73.33,2,18.18,9,60.00,7,46.67,5,0,0,1,1,0,6
,BEÑAT PRADOS,ATHLETIC CLUB,709,13,81.25,1,7.69,9,56.25,8,50.00,5,0,0,1,0,0,7
,BEÑAT TURRIENTES,REAL SOCIEDAD,514,11,73.33,2,18.18,6,40.00,4,26.67,2,0,0,0,0,0,2
,BOJAN MIOVSKI,GIRONA FC,586,9,60.00,1,11.11,8,53.33,7,46.67,0,0,0,2,1,0,10
,BORJA IGLESIAS,RC CELTA,752,15,100.00,0,0.00,9,60.00,9,60.00,0,0,0,4,0,0,15
,BORJA MAYORAL,GETAFE CF,126,5,33.33,0,0.00,0,0.00,0,0.00,0,0,0,1,0,0,2
,BRAHIM DÍAZ,REAL MADRID,337,10,66.67,1,10.00,3,20.00,2,13.33,0,0,0,1,0,0,4
,BRAIS MÉNDEZ,REAL SOCIEDAD,775,12,80.00,3,25.00,9,60.00,6,40.00,3,0,0,1,0,0,6
,BRIAN OLIVÁN,RCD ESPANYOL DE BARCELONA,466,10,71.43,2,20.00,5,35.71,3,21.43,0,0,0,0,0,0,11
,BRYAN GIL,GIRONA FC,863,13,86.67,3,23.08,10,66.67,7,46.67,2,0,0,2,0,0,14
,ANDRÉ FILIPE MAGALHÃES RIBEIRO FERREIRA,REAL VALLADOLID CF,0,0,0.00,0,0.00,0,0.00,0,0.00,0,0,0,0,0,0,0
,ANDRÉS CUENCA,FC BARCELONA,0,0,0.00,0,0.00,0,0.00,0,0.00,0,0,0,0,0,0,0
,ANSU FATI,FC BARCELONA,125,4,25.00,0,0.00,1,6.25,1,6.25,1,0,0,0,0,0,0
,ANTE BUDIMIR,CA OSASUNA,1110,15,100.00,4,26.67,13,86.67,9,60.00,1,0,0,9,4,0,18
,ANTOINE GRIEZMANN,ATLÉTICO DE MADRID,1112,15,100.00,4,26.67,13,86.67,9,60.00,1,0,0,5,0,0,6
,ANTONIO BLANCO,DEPORTIVO ALAVÉS,929,14,93.33,6,42.86,11,73.33,5,33.33,2,0,0,0,0,0,20
,ANTONIO ESPIGARES,VILLARREAL CF,0,0,0.00,0,0.00,0,0.00,0,0.00,0,0,0,0,0,0,0
,ANTONIO GOMIS,ATLÉTICO DE MADRID,0,0,0.00,0,0.00,0,0.00,0,0.00,0,0,0,0,0,0,0
,ANTONIO RAÍLLO,RCD MALLORCA,1421,16,100.00,15,93.75,16,100.00,1,6.25,2,0,0,1,0,0,16
,ANTONIO RÜDIGER,REAL MADRID,1267,15,100.00,14,93.33,14,93.33,0,0.00,1,0,0,0,2,0,12
,ANTONIO SIVERA,DEPORTIVO ALAVÉS,1350,15,100.00,15,100.00,15,100.00,0,0.00,3,0,0,0,0,1,25
,ANTONIO SÁNCHEZ,RCD MALLORCA,625,15,93.75,2,13.33,5,31.25,3,18.75,0,0,0,0,0,0,9
,ANTONIU ROCA,RCD ESPANYOL DE BARCELONA,56,4,28.57,0,0.00,0,0.00,0,0.00,2,0,0,0,0,0,0
,ANUAR TUHAMI,REAL VALLADOLID CF,429,7,46.67,0,0.00,5,33.33,5,33.33,3,0,0,1,1,0,7
,ARDA GÜLER,REAL MADRID,387,11,73.33,0,0.00,4,26.67,4,26.67,1,0,0,0,0,0,3
,ARIDANE HERNÁNDEZ,RAYO VALLECANO,113,3,21.43,0,0.00,1,7.14,1,7.14,0,0,0,0,0,1,4
,ARITZ ARAMBARRI,SD EIBAR,178,2,13.33,1,50.00,2,13.33,1,6.67,0,0,0,0,0,0,2
,ARITZ ELUSTONDO,REAL SOCIEDAD,280,6,40.00,2,33.33,3,20.00,1,6.67,0,0,0,0,0,0,3
,ARNAU MARTÍNEZ,GIRONA FC,887,12,80.00,7,58.33,10,66.67,3,20.00,2,0,0,1,0,0,13
,ARNAU RAFÚS,REAL VALLADOLID CF,0,0,0.00,0,0.00,0,0.00,0,0.00,0,0,0,0,0,0,0
,ANDRÉ FILIPE MAGALHÃES RIBEIRO FERREIRA,REAL VALLADOLID CF,0,0,0.00,0,0.00,0,0.00,0,0.00,0,0,0,0,0,0,0
,ANDRÉS CUENCA,FC BARCELONA,0,0,0.00,0,0.00,0,0.00,0,0.00,0,0,0,0,0,0,0
,ANSU FATI,FC BARCELONA,125,4,25.00,0,0.00,1,6.25,1,6.25,1,0,0,0,0,0,0
,ANTE BUDIMIR,CA OSASUNA,1110,15,100.00,4,26.67,13,86.67,9,60.00,1,0,0,9,4,0,18
,ANTOINE GRIEZMANN,ATLÉTICO DE MADRID,1112,15,100.00,4,26.67,13,86.67,9,60.00,1,0,0,5,0,0,6
,ANTONIO BLANCO,DEPORTIVO ALAVÉS,929,14,93.33,6,42.86,11,73.33,5,33.33,2,0,0,0,0,0,20
,ANTONIO ESPIGARES,VILLARREAL CF,0,0,0.00,0,0.00,0,0.00,0,0.00,0,0,0,0,0,0,0
,ANTONIO GOMIS,ATLÉTICO DE MADRID,0,0,0.00,0,0.00,0,0.00,0,0.00,0,0,0,0,0,0,0
,ANTONIO RAÍLLO,RCD MALLORCA,1421,16,100.00,15,93.75,16,100.00,1,6.25,2,0,0,1,0,0,16
,ANTONIO RÜDIGER,REAL MADRID,1267,15,100.00,14,93.33,14,93.33,0,0.00,1,0,0,0,2,0,12
,ANTONIO SIVERA,DEPORTIVO ALAVÉS,1350,15,100.00,15,100.00,15,100.00,0,0.00,3,0,0,0,0,1,25
,ANTONIO SÁNCHEZ,RCD MALLORCA,625,15,93.75,2,13.33,5,31.25,3,18.75,0,0,0,0,0,0,9
,ANTONIU ROCA,RCD ESPANYOL DE BARCELONA,56,4,28.57,0,0.00,0,0.00,0,0.00,2,0,0,0,0,0,0
,ANUAR TUHAMI,REAL VALLADOLID CF,429,7,46.67,0,0.00,5,33.33,5,33.33,3,0,0,1,1,0,7
,ARDA GÜLER,REAL MADRID,387,11,73.33,0,0.00,4,26.67,4,26.67,1,0,0,0,0,0,3
,ARIDANE HERNÁNDEZ,RAYO VALLECANO,113,3,21.43,0,0.00,1,7.14,1,7.14,0,0,0,0,0,1,4
,ARITZ ARAMBARRI,SD EIBAR,178,2,13.33,1,50.00,2,13.33,1,6.67,0,0,0,0,0,0,2
,ARITZ ELUSTONDO,REAL SOCIEDAD,280,6,40.00,2,33.33,3,20.00,1,6.67,0,0,0,0,0,0,3
,ARNAU MARTÍNEZ,GIRONA FC,887,12,80.00,7,58.33,10,66.67,3,20.00,2,0,0,1,0,0,13
,ARNAU RAFÚS,REAL VALLADOLID CF,0,0,0.00,0,0.00,0,0.00,0,0.00,0,0,0,0,0,0,0
