,NOMBRE,EQUIPO,C L,ENT,DUE,D,DA,PC,PCC,PLC,PH,GPT,GPTFA,GPTDA,GCPI,GCPD,CG,GABP
,ABDE EZZALZOULI,REAL BETIS,1,19,179,145,34,384,282,3,2,0.03,0.00,0.03,0.00,0.03,0.00,0.00
,ABDE REBBACH,DEPORTIVO ALAVÉS,7,3,42,32,10,92,59,4,0,0.00,0.00,0.00,0.00,0.00,0.00,0.00
,ABDEL ABQAR,DEPORTIVO ALAVÉS,0,19,98,68,30,406,256,39,1,0.00,0.00,0.00,0.00,0.00,0.00,0.00
,ABDOULAYE KEITA,GETAFE CF,0,0,4,2,2,6,1,1,0,0.00,0.00,0.00,0.00,0.00,0.00,0.00
,ABDUL MUMIN,RAYO VALLECANO,0,12,76,42,34,562,428,28,0,0.25,0.00,0.25,0.25,0.00,0.00,0.00
,ABDÓN PRATS,RCD MALLORCA,0,1,46,19,27,41,26,2,0,0.25,0.00,0.25,0.13,0.00,0.13,0.00
,ABEL BRETONES,CA OSASUNA,0,22,85,69,16,269,171,17,0,0.50,0.25,0.25,0.50,0.00,0.00,0.00
,ABEL RUIZ,GIRONA FC,0,2,58,40,18,149,130,5,0,0.20,0.00,0.20,0.00,0.20,0.00,0.00
,ABOUBACAR BASSINGA,CD MIRANDÉS,0,0,2,2,0,4,1,1,1,0.00,0.00,0.00,0.00,0.00,0.00,0.00
,ADAMA BOIRO,ATHLETIC CLUB,0,8,39,30,9,126,107,1,0,0.00,0.00,0.00,0.00,0.00,0.00,0.00
,ADNAN JANUZAJ,UD LAS PALMAS,13,3,34,28,6,110,84,5,4,0.00,0.00,0.00,0.00,0.00,0.00,0.00
,ADRI EMBARBA,RAYO VALLECANO,27,14,89,70,19,195,135,9,1,0.00,0.00,0.00,0.00,0.00,0.00,0.00
,ADRIÀ ALTI,CD LEGANÉS,0,15,72,54,18,176,135,12,0,0.00,0.00,0.00,0.00,0.00,0.00,0.00
,ADRIÀ PEDROSA,SEVILLA FC,2,31,120,94,26,416,312,12,0,0.00,0.00,0.00,0.00,0.00,0.00,0.00
,ADRIÁN SAN MIGUEL DEL CASTILLO,REAL BETIS,0,0,0,0,0,0,0,0,0,0.00,0.00,0.00,0.00,0.00,0.00,0.00
,ADRIÁN HERNÁNDEZ HERNÁNDEZ,DEPORTIVO ALAVÉS,0,7,40,18,22,171,122,15,0,0.00,0.00,0.00,0.00,0.00,0.00,0.00
,ADRIÁN RODRÍGUEZ,DEPORTIVO ALAVÉS,0,0,0,0,0,0,0,0,0,0.00,0.00,0.00,0.00,0.00,0.00,0.00
,MALCOM ABDULAI ARES DJALÓ,REAL ZARAGOZA,0,0,4,4,0,8,5,0,0,0.00,0.00,0.00,0.00,0.00,0.00,0.00
,AIHEN MUÑOZ,REAL SOCIEDAD,0,4,37,22,15,123,94,4,0,0.00,0.00,0.00,0.00,0.00,0.00,0.00
,AIMAR OROZ,CA OSASUNA,1,17,125,108,17,408,320,19,4,0.08,0.00,0.08,0.08,0.00,0.00,0.00
,ÁLVARO CORTÉS,FC BARCELONA,0,0,0,0,0,0,0,0,0,0.00,0.00,0.00,0.00,0.00,0.00,0.00
,ÁLVARO DJALÓ DIAS FERNANDES,ATHLETIC CLUB,0,5,68,49,19,68,45,3,0,0.11,0.00,0.11,0.00,0.00,0.11,0.00
,ÁLVARO FERNÁNDEZ,SEVILLA FC,0,0,2,1,1,153,69,26,0,0.00,0.00,0.00,0.00,0.00,0.00,0.00
,ÁLVARO GARCÍA,RAYO VALLECANO,0,19,65,55,10,252,169,7,0,0.07,0.00,0.07,0.00,0.07,0.00,0.00
,ÁLVARO KILLANE,UD LAS PALMAS,0,0,0,0,0,0,0,0,0,0.00,0.00,0.00,0.00,0.00,0.00,0.00
,ÁLVARO ODRIOZOLA,REAL SOCIEDAD,0,1,6,5,1,24,17,0,0,0.00,0.00,0.00,0.00,0.00,0.00,0.00
,ÁLVARO RODRÍGUEZ,GETAFE CF,0,3,95,41,54,65,33,0,0,0.17,0.00,0.17,0.17,0.00,0.00,0.00
,ÁLVARO TEJERO,RCD ESPANYOL DE BARCELONA,30,6,55,45,10,215,158,15,1,0.14,0.14,0.00,0.00,0.14,0.00,0.14
,ÁNGEL CORREA,ATLÉTICO DE MADRID,3,3,52,47,5,133,97,2,0,0.20,0.00,0.20,0.00,0.20,0.00,0.00
,ÁNGEL FORTUÑO,RCD ESPANYOL DE BARCELONA,0,0,0,0,0,0,0,0,0,0.00,0.00,0.00,0.00,0.00,0.00,0.00
,ÁRON YAAKOBISHVILI,FC BARCELONA,0,0,0,0,0,0,0,0,0,0.00,0.00,0.00,0.00,0.00,0.00,0.00
,ÉDER GABRIEL MILITÃO,REAL MADRID,0,19,94,61,33,706,586,48,0,0.14,0.00,0.14,0.00,0.14,0.00,0.00
,ÍÑIGO LEKUE,ATHLETIC CLUB,0,6,19,17,2,179,134,7,0,0.00,0.00,0.00,0.00,0.00,0.00,0.00
,ÍÑIGO RUÍZ DE GALARRETA,ATHLETIC CLUB,4,16,65,63,2,373,299,23,3,0.00,0.00,0.00,0.00,0.00,0.00,0.00
,ÓSCAR DE MARCOS,ATHLETIC CLUB,0,19,64,52,12,394,285,22,2,0.00,0.00,0.00,0.00,0.00,0.00,0.00
,ÓSCAR MINGUEZA,RC CELTA,5,17,92,83,9,689,518,38,1,0.20,0.10,0.10,0.00,0.20,0.00,0.10
,ÓSCAR RODRÍGUEZ,CD LEGANÉS,6,11,66,50,16,166,118,5,1,0.13,0.00,0.13,0.00,0.00,0.13,0.00
,ÓSCAR TREJO,RAYO VALLECANO,0,3,34,29,5,91,73,2,0,0.00,0.00,0.00,0.00,0.00,0.00,0.00
,ÓSCAR VALENTÍN,RAYO VALLECANO,0,27,130,93,37,407,310,18,0,0.00,0.00,0.00,0.00,0.00,0.00,0.00
,ØRJAN NYLAND,SEVILLA FC,0,1,3,1,2,354,153,52,0,0.00,0.00,0.00,0.00,0.00,0.00,0.00
,WILLY KAMBWALA,VILLARREAL CF,0,4,10,4,6,41,25,5,0,0.00,0.00,0.00,0.00,0.00,0.00,0.00
,WOJCIECH SZCZESNY,FC BARCELONA,0,0,0,0,0,0,0,0,0,0.00,0.00,0.00,0.00,0.00,0.00,0.00
,YANGEL HERRERA,GIRONA FC,0,28,144,119,25,437,361,14,1,0.15,0.00,0.15,0.00,0.00,0.15,0.00
,YAREK GASIOROWSKI,VALENCIA CF,0,16,39,20,19,237,177,14,1,0.00,0.00,0.00,0.00,0.00,0.00,0.00
,JESÚS SANTIAGO PÉREZ,GETAFE CF,0,7,28,26,2,70,49,2,0,0.00,0.00,0.00,0.00,0.00,0.00,0.00
,YERAY ÁLVAREZ,ATHLETIC CLUB,0,10,69,35,34,519,390,36,1,0.00,0.00,0.00,0.00,0.00,0.00,0.00
,YEREMY PINO,VILLARREAL CF,1,13,68,59,9,188,142,5,1,0.00,0.00,0.00,0.00,0.00,0.00,0.00
,YOUSSOUF SABALY,REAL BETIS,0,17,60,54,6,328,274,5,1,0.00,0.00,0.00,0.00,0.00,0.00,0.00
,YURI BERCHICHE,ATHLETIC CLUB,0,14,68,48,20,479,373,26,0,0.00,0.00,0.00,0.00,0.00,0.00,0.00
,YVAN NEYOU,CD LEGANÉS,0,21,103,89,14,393,317,19,0,0.25,0.00,0.25,0.00,0.25,0.00,0.00
,YÁSER ASPRILLA,GIRONA FC,6,8,57,55,2,205,155,9,3,0.20,0.20,0.00,0.20,0.00,0.00,0.00
,ÁLEX BAENA,VILLARREAL CF,50,7,98,80,18,408,278,27,11,0.18,0.00,0.18,0.12,0.06,0.00,0.00
,ÁLEX GIL,,0,0,0,0,0,0,0,0,0,0.00,0.00,0.00,0.00,0.00,0.00,0.00
,ÁLEX MUÑOZ,UD LAS PALMAS,0,28,101,67,34,472,385,11,0,0.43,0.00,0.43,0.14,0.14,0.14,0.00
,ÁLEX REMIRO,REAL SOCIEDAD,0,0,3,1,2,464,262,89,0,0.00,0.00,0.00,0.00,0.00,0.00,0.00
,ÁLEX SOLA,GETAFE CF,0,17,183,139,44,190,125,5,0,0.00,0.00,0.00,0.00,0.00,0.00,0.00
,ÁLEX SUÁREZ,UD LAS PALMAS,0,17,68,34,34,562,455,21,0,0.00,0.00,0.00,0.00,0.00,0.00,0.00
,ÁLEX VALLE,,0,0,0,0,0,0,0,0,0,0.00,0.00,0.00,0.00,0.00,0.00,0.00
,ÁLVARO ACEVES,REAL VALLADOLID CF,0,0,0,0,0,0,0,0,0,0.00,0.00,0.00,0.00,0.00,0.00,0.00
,ÁLVARO AGUADO,RCD ESPANYOL DE BARCELONA,2,4,26,23,3,153,112,8,1,0.00,0.00,0.00,0.00,0.00,0.00,0.00
,UNAI MARRERO,REAL SOCIEDAD,0,0,0,0,0,0,0,0,0,0.00,0.00,0.00,0.00,0.00,0.00,0.00
,UNAI NÚÑEZ,ATHLETIC CLUB,0,2,16,9,7,145,117,9,0,0.00,0.00,0.00,0.00,0.00,0.00,0.00
,UNAI SIMÓN,ATHLETIC CLUB,0,0,0,0,0,0,0,0,0,0.00,0.00,0.00,0.00,0.00,0.00,0.00
,URKO GONZÁLEZ,REAL SOCIEDAD,0,0,5,3,2,16,9,1,0,0.00,0.00,0.00,0.00,0.00,0.00,0.00
,VALENTIN ROSIER,CD LEGANÉS,0,36,120,103,17,321,227,15,0,0.00,0.00,0.00,0.00,0.00,0.00,0.00
,VALENTÍN BARCO,SEVILLA FC,9,15,46,43,3,135,100,7,2,0.00,0.00,0.00,0.00,0.00,0.00,0.00
,VALENTÍN PEZZOLESI,UD LAS PALMAS,0,0,0,0,0,0,0,0,0,0.00,0.00,0.00,0.00,0.00,0.00,0.00
,VALERY FERNÁNDEZ,RCD MALLORCA,0,7,23,19,4,53,45,1,0,0.67,0.00,0.67,0.33,0.33,0.00,0.00
,VEDAT MURIQI,RCD MALLORCA,0,1,168,52,116,213,125,6,2,0.12,0.00,0.12,0.04,0.00,0.08,0.00
,VICENTE GUAITA,RC CELTA,0,0,9,3,6,232,142,37,0,0.00,0.00,0.00,0.00,0.00,0.00,0.00
,VIKTOR TSYHANKOV,GIRONA FC,23,4,41,32,9,214,172,3,1,0.14,0.00,0.14,0.14,0.00,0.00,0.00
,VINÍCIUS JOSÉ PAIXÃO DE OLIVEIRA JÚNIOR,REAL MADRID,3,11,187,182,5,388,291,15,6,0.31,0.04,0.27,0.08,0.23,0.00,0.00
,VITI ROZADA,UD LAS PALMAS,0,32,90,73,17,314,249,18,1,0.00,0.00,0.00,0.00,0.00,0.00,0.00
,VITOR HUGO ROQUE FERREIRA,REAL BETIS,0,3,96,76,20,112,77,2,0,0.14,0.00,0.14,0.00,0.14,0.00,0.00
,VÍCTOR MESEGUER,REAL VALLADOLID CF,0,10,49,34,15,170,128,7,1,0.00,0.00,0.00,0.00,0.00,0.00,0.00
,VÍCTOR PUIG,UD LAS PALMAS,0,0,0,0,0,0,0,0,0,0.00,0.00,0.00,0.00,0.00,0.00,0.00
,WALID CHEDDIRA,RCD ESPANYOL DE BARCELONA,0,3,81,54,27,55,36,0,0,0.20,0.00,0.20,0.20,0.00,0.00,0.00
,WARREN MADRIGAL,VALENCIA CF,0,0,0,0,0,0,0,0,0,0.00,0.00,0.00,0.00,0.00,0.00,0.00
,WILLIAM SILVA DE CARVALHO,REAL BETIS,0,3,24,19,5,182,140,11,0,0.00,0.00,0.00,0.00,0.00,0.00,0.00
,WILLIOT SWEDBERG,RC CELTA,0,6,55,45,10,143,101,3,2,0.15,0.08,0.08,0.00,0.15,0.00,0.00
,SÉBASTIEN HALLER,CD LEGANÉS,0,2,63,20,43,90,53,1,2,0.00,0.00,0.00,0.00,0.00,0.00,0.00
,TADEO ALLENDE,RC CELTA,0,0,1,1,0,3,1,0,0,0.00,0.00,0.00,0.00,0.00,0.00,0.00
,TAKEFUSA KUBO,REAL SOCIEDAD,10,19,163,151,12,354,255,14,3,0.23,0.00,0.23,0.23,0.00,0.00,0.00
,TAKUMA ASANO,RCD MALLORCA,0,5,27,21,6,62,43,1,0,0.00,0.00,0.00,0.00,0.00,0.00,0.00
,TANGUY NIANZOU,SEVILLA FC,0,7,45,24,21,314,279,6,0,0.00,0.00,0.00,0.00,0.00,0.00,0.00
,TASOS DOUVIKAS,RC CELTA,0,8,94,65,29,94,67,1,0,0.21,0.00,0.21,0.00,0.14,0.07,0.00
,THIBAUT COURTOIS,REAL MADRID,0,0,7,1,6,391,286,38,0,0.00,0.00,0.00,0.00,0.00,0.00,0.00
,THIERNO BARRY,VILLARREAL CF,0,4,132,72,60,131,69,3,1,0.14,0.00,0.14,0.03,0.00,0.10,0.00
,THIERRY RENDALL CORREIA,VALENCIA CF,0,27,98,86,12,338,235,13,0,0.00,0.00,0.00,0.00,0.00,0.00,0.00
,THOMAS LEMAR,ATLÉTICO DE MADRID,0,0,3,3,0,6,5,1,0,0.00,0.00,0.00,0.00,0.00,0.00,0.00
,TOMÁS CONECHNY,DEPORTIVO ALAVÉS,3,4,56,36,20,123,70,0,1,0.09,0.00,0.09,0.00,0.00,0.09,0.00
,TONI FERNÁNDEZ,FC BARCELONA,0,0,0,0,0,0,0,0,0,0.00,0.00,0.00,0.00,0.00,0.00,0.00
,ANTONIO LATORRE GRUESO,RCD MALLORCA,0,7,25,19,6,109,76,6,0,0.00,0.00,0.00,0.00,0.00,0.00,0.00
,TONI MARTÍNEZ,DEPORTIVO ALAVÉS,0,5,92,22,70,104,60,0,2,0.17,0.11,0.06,0.06,0.11,0.00,0.00
,LAUREANO ANTONIO VILLA SUÁREZ,SD EIBAR,0,0,0,0,0,0,0,0,0,0.00,0.00,0.00,0.00,0.00,0.00,0.00
,UMAR SADIQ,REAL SOCIEDAD,0,2,47,27,20,45,25,0,0,0.00,0.00,0.00,0.00,0.00,0.00,0.00
,UNAI EGILUZ,CD MIRANDÉS,0,0,0,0,0,0,0,0,0,0.00,0.00,0.00,0.00,0.00,0.00,0.00
,UNAI GARCÍA,CA OSASUNA,0,0,0,0,0,0,0,0,0,0.00,0.00,0.00,0.00,0.00,0.00,0.00
,UNAI GÓMEZ,ATHLETIC CLUB,6,3,72,42,30,106,74,4,1,0.00,0.00,0.00,0.00,0.00,0.00,0.00
,UNAI LÓPEZ,RAYO VALLECANO,7,8,54,44,10,429,355,18,2,0.33,0.17,0.17,0.00,0.33,0.00,0.00
,SERGI DARDER,RCD MALLORCA,33,22,96,88,8,410,294,37,3,0.00,0.00,0.00,0.00,0.00,0.00,0.00
,SERGI DOMÍNGUEZ,FC BARCELONA,0,1,7,3,4,179,168,2,0,0.00,0.00,0.00,0.00,0.00,0.00,0.00
,SERGI GUARDIOLA,RAYO VALLECANO,0,3,14,12,2,25,14,1,0,0.00,0.00,0.00,0.00,0.00,0.00,0.00
,SERGI GÓMEZ,RCD ESPANYOL DE BARCELONA,0,6,33,11,22,279,240,8,0,0.00,0.00,0.00,0.00,0.00,0.00,0.00
,SERGIO CAMELLO,RAYO VALLECANO,0,7,73,52,21,168,134,3,5,0.13,0.00,0.13,0.13,0.00,0.00,0.00
,SERGIO CARREIRA,RC CELTA,0,6,22,19,3,88,73,3,0,0.00,0.00,0.00,0.00,0.00,0.00,0.00
,SERGIO GONZÁLEZ,CD LEGANÉS,0,19,101,50,51,728,565,43,0,0.25,0.00,0.25,0.00,0.00,0.25,0.00
,SERGIO GÓMEZ,REAL SOCIEDAD,64,37,111,90,21,574,468,20,1,0.00,0.00,0.00,0.00,0.00,0.00,0.00
,SERGIO HERRERA,CA OSASUNA,0,1,5,4,1,456,172,112,0,0.00,0.00,0.00,0.00,0.00,0.00,0.00
,SERGIO MESTRE,REAL MADRID,0,0,0,0,0,0,0,0,0,0.00,0.00,0.00,0.00,0.00,0.00,0.00
,SEYDOUBA CISSÉ,CD LEGANÉS,2,21,110,84,26,453,367,23,0,0.00,0.00,0.00,0.00,0.00,0.00,0.00
,SHERALDO BECKER,REAL SOCIEDAD,0,2,44,25,19,148,102,4,0,0.08,0.00,0.08,0.00,0.08,0.00,0.00
,SIEBE VAN DER HEYDEN,RCD MALLORCA,0,0,0,0,0,0,0,0,0,0.00,0.00,0.00,0.00,0.00,0.00,0.00
,SILVI CLUA,GIRONA FC,0,8,28,19,9,93,71,4,0,0.00,0.00,0.00,0.00,0.00,0.00,0.00
,STANIS IDUMBO MUZAMBO,SEVILLA FC,0,4,19,19,0,15,12,0,1,1.00,0.00,1.00,0.00,1.00,0.00,0.00
,STANKO JURIC,REAL VALLADOLID CF,0,23,99,68,31,308,249,10,0,0.00,0.00,0.00,0.00,0.00,0.00,0.00
,STIPE BIUK,,0,0,0,0,0,0,0,0,0,0.00,0.00,0.00,0.00,0.00,0.00,0.00
,JUAN DIEGO MOLINA MARTÍNEZ,DEPORTIVO ALAVÉS,0,13,80,62,18,166,96,10,5,0.00,0.00,0.00,0.00,0.00,0.00,0.00
,STOLE DIMITRIEVSKI,VALENCIA CF,0,0,0,0,0,0,0,0,0,0.00,0.00,0.00,0.00,0.00,0.00,0.00
,JESÚS JOAQUÍN FERNÁNDEZ SÁENZ DE LA TORRE,SEVILLA FC,9,1,28,26,2,76,64,3,1,0.00,0.00,0.00,0.00,0.00,0.00,0.00
,RODRIGO RIQUELME,ATLÉTICO DE MADRID,8,8,50,43,7,176,153,2,0,0.00,0.00,0.00,0.00,0.00,0.00,0.00
,RODRYGO SILVA DE GOES,REAL MADRID,23,6,80,69,11,389,348,3,0,0.25,0.00,0.25,0.00,0.25,0.00,0.00
,ROMAIN PERRAUD,REAL BETIS,0,19,101,86,15,478,386,10,0,0.00,0.00,0.00,0.00,0.00,0.00,0.00
,RUBÉN GARCÍA,CA OSASUNA,15,21,89,64,25,324,226,22,0,0.20,0.00,0.20,0.00,0.20,0.00,0.00
,RUBÉN GÓMEZ,VILLARREAL CF,0,0,0,0,0,0,0,0,0,0.00,0.00,0.00,0.00,0.00,0.00,0.00
,RUBÉN PEÑA,CA OSASUNA,4,6,66,51,15,83,53,2,0,0.00,0.00,0.00,0.00,0.00,0.00,0.00
,RUI TIAGO DANTAS DA SILVA,REAL BETIS,0,0,6,4,2,452,285,57,0,0.00,0.00,0.00,0.00,0.00,0.00,0.00
,SALVI SÁNCHEZ,RCD ESPANYOL DE BARCELONA,0,0,0,0,0,0,0,0,0,0.00,0.00,0.00,0.00,0.00,0.00,0.00
,SAMUEL DIAS LINO,ATLÉTICO DE MADRID,2,9,70,61,9,319,239,20,1,0.00,0.00,0.00,0.00,0.00,0.00,0.00
,SAMUEL DE ALMEIDA COSTA,RCD MALLORCA,0,40,186,136,50,698,525,46,1,0.00,0.00,0.00,0.00,0.00,0.00,0.00
,SANDRO RAMÍREZ,UD LAS PALMAS,21,15,68,59,9,178,128,4,1,0.40,0.10,0.30,0.10,0.30,0.00,0.10
,SANTI COMESAÑA,VILLARREAL CF,0,31,130,104,26,537,453,23,3,0.33,0.00,0.33,0.33,0.00,0.00,0.00
,SANTIAGO MOURIÑO,DEPORTIVO ALAVÉS,0,13,49,33,16,165,126,9,0,0.00,0.00,0.00,0.00,0.00,0.00,0.00
,SAÚL ÑÍGUEZ,SEVILLA FC,1,9,45,33,12,169,131,9,2,0.00,0.00,0.00,0.00,0.00,0.00,0.00
,SCOTT MCKENNA,UD LAS PALMAS,0,8,53,20,33,507,416,15,0,0.00,0.00,0.00,0.00,0.00,0.00,0.00
,SEBAS WADE,RCD MALLORCA,0,0,0,0,0,0,0,0,0,0.00,0.00,0.00,0.00,0.00,0.00,0.00
,SELIM AMALLAH,REAL VALLADOLID CF,10,12,89,82,7,166,127,7,2,0.14,0.00,0.14,0.00,0.14,0.00,0.00
,SERGI ALTIMIRA,REAL BETIS,0,23,95,80,15,552,463,26,4,0.00,0.00,0.00,0.00,0.00,0.00,0.00
,SERGI CANÓS,VALENCIA CF,3,6,31,26,5,74,42,3,0,0.00,0.00,0.00,0.00,0.00,0.00,0.00
,SERGI CARDONA,VILLARREAL CF,1,28,111,79,32,447,335,19,0,0.10,0.00,0.10,0.10,0.00,0.00,0.00
,RAPHAEL DIAS BELLOLI,FC BARCELONA,70,19,114,109,5,567,417,25,5,0.28,0.03,0.25,0.25,0.03,0.00,0.00
,RAÚL ASENCIO DEL ROSARIO,REAL MADRID,0,6,30,20,10,246,223,5,1,0.00,0.00,0.00,0.00,0.00,0.00,0.00
,RAÚL ALBIOL,VILLARREAL CF,0,6,54,18,36,567,472,29,1,0.00,0.00,0.00,0.00,0.00,0.00,0.00
,RAÚL CHASCO,REAL VALLADOLID CF,0,4,12,12,0,39,21,5,1,0.00,0.00,0.00,0.00,0.00,0.00,0.00
,RAÚL GARCÍA,CA OSASUNA,0,3,44,30,14,59,36,0,0,0.20,0.20,0.00,0.00,0.20,0.00,0.00
,RAÚL JIMÉNEZ,VALENCIA CF,0,0,0,0,0,0,0,0,0,0.00,0.00,0.00,0.00,0.00,0.00,0.00
,RAÚL MARTÍNEZ,GIRONA FC,0,0,0,0,0,0,0,0,0,0.00,0.00,0.00,0.00,0.00,0.00,0.00
,RAÚL MORO,REAL VALLADOLID CF,20,13,115,104,11,258,172,18,0,0.27,0.09,0.18,0.00,0.18,0.09,0.00
,RAÚL DE TOMÁS,RAYO VALLECANO,0,0,0,0,0,0,0,0,0,0.00,0.00,0.00,0.00,0.00,0.00,0.00
,REINILDO ISNARD MANDAVA,ATLÉTICO DE MADRID,0,16,69,52,17,376,297,13,0,0.00,0.00,0.00,0.00,0.00,0.00,0.00
,RENATO TAPIA,CD LEGANÉS,0,25,100,78,22,376,255,22,3,0.25,0.25,0.00,0.00,0.25,0.00,0.00
,RICARD ARTERO,GIRONA FC,0,0,0,0,0,0,0,0,0,0.00,0.00,0.00,0.00,0.00,0.00,0.00
,RICARDO RODRÍGUEZ,REAL BETIS,0,9,28,20,8,167,134,2,0,0.00,0.00,0.00,0.00,0.00,0.00,0.00
,ROBERT LEWANDOWSKI,FC BARCELONA,0,6,106,77,29,272,195,8,1,0.38,0.03,0.35,0.05,0.28,0.05,0.00
,ROBERT NAVARRO,RCD MALLORCA,3,20,110,101,9,260,195,5,2,0.10,0.00,0.10,0.00,0.10,0.00,0.00
,ROBERTO LÓPEZ,CD LEGANÉS,10,7,33,26,7,167,129,9,0,0.00,0.00,0.00,0.00,0.00,0.00,0.00
,ROBIN LE NORMAND,ATLÉTICO DE MADRID,0,11,55,36,19,420,364,13,0,0.00,0.00,0.00,0.00,0.00,0.00,0.00
,RODRIGO SÁNCHEZ RODRÍGUEZ,,3,2,17,15,2,59,49,2,0,0.00,0.00,0.00,0.00,0.00,0.00,0.00
,RODRIGO ABAJAS,VALENCIA CF,0,3,9,8,1,20,11,0,0,0.00,0.00,0.00,0.00,0.00,0.00,0.00
,RODRIGO DE PAUL,ATLÉTICO DE MADRID,8,5,51,46,5,493,381,31,13,0.50,0.00,0.50,0.00,0.50,0.00,0.00
,PEDRO GONZÁLEZ LÓPEZ,FC BARCELONA,7,22,103,99,4,857,704,50,9,0.33,0.11,0.22,0.22,0.11,0.00,0.00
,PEDRO DÍAZ,RAYO VALLECANO,2,1,9,6,3,50,42,0,0,0.00,0.00,0.00,0.00,0.00,0.00,0.00
,PEDRO ORTIZ,SEVILLA FC,0,0,0,0,0,0,0,0,0,0.00,0.00,0.00,0.00,0.00,0.00,0.00
,PEIO CANALES,ATHLETIC CLUB,0,1,3,3,0,10,8,1,0,0.00,0.00,0.00,0.00,0.00,0.00,0.00
,FRANCISCO JESÚS CRESPO GARCÍA,UD LAS PALMAS,0,1,2,2,0,6,6,0,0,0.00,0.00,0.00,0.00,0.00,0.00,0.00
,PELAYO FERNÁNDEZ,RAYO VALLECANO,0,0,0,0,0,0,0,0,0,0.00,0.00,0.00,0.00,0.00,0.00,0.00
,PEP CHAVARRÍA,RAYO VALLECANO,0,12,49,38,11,311,245,8,0,0.00,0.00,0.00,0.00,0.00,0.00,0.00
,JOSÉ LUIS GARCÍA VAYÁ,VALENCIA CF,41,17,80,55,25,549,410,42,2,0.14,0.00,0.14,0.00,0.14,0.00,0.00
,GERARD FERNÁNDEZ CASTELLANO,SEVILLA FC,3,8,92,70,22,183,143,5,3,0.00,0.00,0.00,0.00,0.00,0.00,0.00
,PERE GARCÍA,RCD MALLORCA,0,0,0,0,0,0,0,0,0,0.00,0.00,0.00,0.00,0.00,0.00,0.00
,PERE MILLA,RCD ESPANYOL DE BARCELONA,3,3,33,28,5,73,43,2,3,0.00,0.00,0.00,0.00,0.00,0.00,0.00
,PETER FEDERICO GONZÁLEZ CARMONA,GETAFE CF,0,5,37,25,12,46,30,2,0,0.00,0.00,0.00,0.00,0.00,0.00,0.00
,POL LOZANO,RCD ESPANYOL DE BARCELONA,7,20,70,60,10,255,189,16,1,0.00,0.00,0.00,0.00,0.00,0.00,0.00
,POL TRISTÁN,RCD ESPANYOL DE BARCELONA,0,0,0,0,0,0,0,0,0,0.00,0.00,0.00,0.00,0.00,0.00,0.00
,CRISTIAN PORTUGUÉS MANZANERA,GIRONA FC,6,4,18,13,5,58,51,0,0,0.00,0.00,0.00,0.00,0.00,0.00,0.00
,RAFA MIR,VALENCIA CF,0,6,28,19,9,41,25,1,0,0.00,0.00,0.00,0.00,0.00,0.00,0.00
,RAFAEL BAUZA,RCD ESPANYOL DE BARCELONA,0,4,19,14,5,47,38,2,1,0.00,0.00,0.00,0.00,0.00,0.00,0.00
,RAMON TERRATS,VILLARREAL CF,0,3,22,17,5,73,55,7,1,0.00,0.00,0.00,0.00,0.00,0.00,0.00
,RAMÓN MARTÍNEZ,SEVILLA FC,0,0,0,0,0,0,0,0,0,0.00,0.00,0.00,0.00,0.00,0.00,0.00
,RANDY NTEKA,RAYO VALLECANO,0,5,80,33,47,89,55,2,0,0.17,0.00,0.17,0.17,0.00,0.00,0.00
,ORIOL ROMEU,GIRONA FC,0,21,70,58,12,423,367,18,1,0.00,0.00,0.00,0.00,0.00,0.00,0.00
,ORRI ÓSKARSSON,REAL SOCIEDAD,0,4,42,15,27,57,34,1,0,0.29,0.00,0.29,0.14,0.14,0.00,0.00
,PABLO BARRIOS,ATLÉTICO DE MADRID,0,16,81,64,17,485,400,22,2,0.00,0.00,0.00,0.00,0.00,0.00,0.00
,PABLO BUSTO,REAL BETIS,0,0,0,0,0,0,0,0,0,0.00,0.00,0.00,0.00,0.00,0.00,0.00
,PABLO DURÁN,RC CELTA,0,3,21,15,6,49,37,0,0,0.00,0.00,0.00,0.00,0.00,0.00,0.00
,PABLO FORNALS,REAL BETIS,23,11,83,61,22,453,347,22,5,0.10,0.00,0.10,0.00,0.10,0.00,0.00
,PABLO IBÁÑEZ,CA OSASUNA,1,7,67,41,26,134,87,4,1,0.00,0.00,0.00,0.00,0.00,0.00,0.00
,PABLO MAFFEO,RCD MALLORCA,0,19,91,77,14,287,200,13,1,0.00,0.00,0.00,0.00,0.00,0.00,0.00
,PABLO MARÍN,REAL SOCIEDAD,0,3,20,14,6,39,23,2,0,0.00,0.00,0.00,0.00,0.00,0.00,0.00
,PABLO RIVERA,SEVILLA FC,0,0,0,0,0,0,0,0,0,0.00,0.00,0.00,0.00,0.00,0.00,0.00
,PABLO TORRE,FC BARCELONA,8,5,31,24,7,148,123,2,1,1.00,0.67,0.33,0.33,0.67,0.00,0.33
,PAPA DAME BA,GIRONA FC,0,1,9,9,0,12,5,0,0,0.00,0.00,0.00,0.00,0.00,0.00,0.00
,PAPE GUEYE,VILLARREAL CF,0,16,79,64,15,328,234,26,3,0.00,0.00,0.00,0.00,0.00,0.00,0.00
,PATHÉ CISS,RAYO VALLECANO,0,9,68,48,20,236,187,7,1,0.00,0.00,0.00,0.00,0.00,0.00,0.00
,PAU CABANES,VILLARREAL CF,0,2,8,8,0,20,16,0,0,0.00,0.00,0.00,0.00,0.00,0.00,0.00
,PAU CUBARSÍ,FC BARCELONA,0,12,90,43,47,1224,1098,46,2,0.00,0.00,0.00,0.00,0.00,0.00,0.00
,PAU LÓPEZ,GIRONA FC,0,0,0,0,0,0,0,0,0,0.00,0.00,0.00,0.00,0.00,0.00,0.00
,PAU NAVARRO,VILLARREAL CF,0,6,25,18,7,108,92,4,0,0.00,0.00,0.00,0.00,0.00,0.00,0.00
,PAU VÍCTOR,FC BARCELONA,0,1,29,28,1,71,56,2,0,0.33,0.17,0.17,0.17,0.17,0.00,0.00
,PAULO GAZZANIGA,GIRONA FC,0,1,5,4,1,467,322,51,0,0.00,0.00,0.00,0.00,0.00,0.00,0.00
,NACHO VIDAL,CA OSASUNA,0,2,14,11,3,32,24,2,0,0.00,0.00,0.00,0.00,0.00,0.00,0.00
,NACI ÜNÜVAR,RCD ESPANYOL DE BARCELONA,0,2,5,5,0,16,11,1,0,0.00,0.00,0.00,0.00,0.00,0.00,0.00
,NAHUEL MOLINA,ATLÉTICO DE MADRID,9,17,61,51,10,416,320,11,1,0.00,0.00,0.00,0.00,0.00,0.00,0.00
,NAHUEL TENAGLIA,DEPORTIVO ALAVÉS,0,28,122,86,36,265,157,16,0,0.14,0.00,0.14,0.00,0.00,0.14,0.00
,NAIM GARCÍA,CD LEGANÉS,0,0,0,0,0,0,0,0,0,0.00,0.00,0.00,0.00,0.00,0.00,0.00
,NATAN BERNARDO DE SOUZA,REAL BETIS,0,13,69,28,41,522,438,26,0,0.00,0.00,0.00,0.00,0.00,0.00,0.00
,NAYEF AGUERD,REAL SOCIEDAD,0,15,80,37,43,728,611,43,0,0.00,0.00,0.00,0.00,0.00,0.00,0.00
,NEMANJA GUDELJ,SEVILLA FC,10,22,98,51,47,574,479,13,0,0.00,0.00,0.00,0.00,0.00,0.00,0.00
,NICO SERRANO,ATHLETIC CLUB,2,1,15,13,2,24,19,0,0,0.00,0.00,0.00,0.00,0.00,0.00,0.00
,NICHOLAS WILLIAMS ARTHUER,ATHLETIC CLUB,23,21,170,157,13,296,229,5,0,0.06,0.00,0.06,0.00,0.06,0.00,0.00
,NICOLAS PÉPÉ,VILLARREAL CF,4,4,66,48,18,233,192,3,1,0.06,0.00,0.06,0.00,0.06,0.00,0.00
,NOAH DARVICH,FC BARCELONA,0,0,0,0,0,0,0,0,0,0.00,0.00,0.00,0.00,0.00,0.00,0.00
,NOBEL MENDY,REAL BETIS,0,0,0,0,0,0,0,0,0,0.00,0.00,0.00,0.00,0.00,0.00,0.00
,OIER GASTESI,ATHLETIC CLUB,0,0,0,0,0,0,0,0,0,0.00,0.00,0.00,0.00,0.00,0.00,0.00
,OIHAN SANCET,ATHLETIC CLUB,0,8,85,76,9,296,232,16,4,0.44,0.13,0.31,0.06,0.31,0.06,0.00
,OLIVER MCBURNIE,UD LAS PALMAS,0,5,119,52,67,195,136,2,0,0.00,0.00,0.00,0.00,0.00,0.00,0.00
,OMAR ALDERETE,GETAFE CF,0,20,132,55,77,532,291,77,1,0.00,0.00,0.00,0.00,0.00,0.00,0.00
,OMAR EL HILALI,RCD ESPANYOL DE BARCELONA,0,47,124,97,27,449,322,32,1,0.00,0.00,0.00,0.00,0.00,0.00,0.00
,OMAR MASCARELL,RCD MALLORCA,0,14,60,41,19,281,220,25,0,0.00,0.00,0.00,0.00,0.00,0.00,0.00
,OMAR SADIK,RCD ESPANYOL DE BARCELONA,0,0,0,0,0,0,0,0,0,0.00,0.00,0.00,0.00,0.00,0.00,0.00
,MATEO FLORES,REAL BETIS,0,0,3,3,0,12,9,1,0,0.00,0.00,0.00,0.00,0.00,0.00,0.00
,MATEO MEJÍA,SEVILLA FC,0,0,2,1,1,1,0,0,0,0.00,0.00,0.00,0.00,0.00,0.00,0.00
,MATEU MOREY,RCD MALLORCA,0,3,23,19,4,78,62,3,0,0.00,0.00,0.00,0.00,0.00,0.00,0.00
,MATIJA NASTASIC,CD LEGANÉS,0,12,49,28,21,344,264,18,0,0.00,0.00,0.00,0.00,0.00,0.00,0.00
,MATÍAS ÁRBOL,SEVILLA FC,0,0,0,0,0,0,0,0,0,0.00,0.00,0.00,0.00,0.00,0.00,0.00
,MAURO ARAMBARRI,GETAFE CF,1,13,127,71,56,281,183,15,1,0.33,0.08,0.25,0.00,0.25,0.08,0.08
,MAXIMILIANO CAUFRIEZ,VALENCIA CF,0,1,10,3,7,14,10,1,0,0.00,0.00,0.00,0.00,0.00,0.00,0.00
,MIGUEL GUTIÉRREZ,GIRONA FC,12,23,110,100,10,602,514,22,1,0.07,0.00,0.07,0.07,0.00,0.00,0.00
,MIGUEL DE LA FUENTE,CD LEGANÉS,0,7,135,72,63,116,61,3,2,0.10,0.00,0.10,0.00,0.10,0.00,0.00
,MIGUEL ÁNGEL MORRO,,0,0,0,0,0,0,0,0,0,0.00,0.00,0.00,0.00,0.00,0.00,0.00
,MIHAILO RISTIC,RC CELTA,0,2,13,11,2,39,29,1,0,0.00,0.00,0.00,0.00,0.00,0.00,0.00
,MIKA MÁRMOL,UD LAS PALMAS,0,14,39,31,8,369,297,12,0,0.00,0.00,0.00,0.00,0.00,0.00,0.00
,MIKEL JAUREGIZAR,ATHLETIC CLUB,11,24,110,90,20,389,309,23,1,0.25,0.00,0.25,0.00,0.25,0.00,0.00
,MIKEL OYARZABAL,REAL SOCIEDAD,0,9,79,44,35,184,131,4,2,0.21,0.00,0.21,0.14,0.00,0.07,0.00
,MIKEL VESGA,ATHLETIC CLUB,0,8,38,30,8,204,152,14,1,0.00,0.00,0.00,0.00,0.00,0.00,0.00
,MOI GÓMEZ,CA OSASUNA,2,9,51,41,10,186,138,7,0,0.00,0.00,0.00,0.00,0.00,0.00,0.00
,MOUSSA DIARRA,DEPORTIVO ALAVÉS,0,15,69,48,21,262,209,14,0,0.00,0.00,0.00,0.00,0.00,0.00,0.00
,MUNIR EL HADDADI,CD LEGANÉS,0,10,71,51,20,90,65,0,0,0.25,0.25,0.00,0.25,0.00,0.00,0.00
,NABIL ABERDIN,GETAFE CF,0,6,36,23,13,60,29,7,0,0.00,0.00,0.00,0.00,0.00,0.00,0.00
,NABIL FEKIR,,8,3,26,24,2,72,60,2,1,0.00,0.00,0.00,0.00,0.00,0.00,0.00
,MARC BARTRA,REAL BETIS,0,8,51,20,31,421,301,34,2,0.29,0.00,0.29,0.00,0.00,0.29,0.00
,MARC BERNAL,FC BARCELONA,0,8,28,21,7,160,139,9,0,0.00,0.00,0.00,0.00,0.00,0.00,0.00
,MARC CARDONA,UD LAS PALMAS,1,1,11,8,3,24,21,0,0,0.00,0.00,0.00,0.00,0.00,0.00,0.00
,MARC CASADÓ,FC BARCELONA,0,26,95,80,15,744,644,24,4,0.00,0.00,0.00,0.00,0.00,0.00,0.00
,MARC DOMENECH,RCD MALLORCA,0,0,17,7,10,20,14,0,0,0.00,0.00,0.00,0.00,0.00,0.00,0.00
,MARC ROCA,REAL BETIS,1,14,62,50,12,425,361,17,0,0.00,0.00,0.00,0.00,0.00,0.00,0.00
,MARC VIDAL,RC CELTA,0,0,0,0,0,0,0,0,0,0.00,0.00,0.00,0.00,0.00,0.00,0.00
,MARC-ANDRÉ TER STEGEN,FC BARCELONA,0,0,4,2,2,172,134,21,0,0.00,0.00,0.00,0.00,0.00,0.00,0.00
,MARCO DE LAS SIAS,RAYO VALLECANO,0,0,0,0,0,0,0,0,0,0.00,0.00,0.00,0.00,0.00,0.00,0.00
,MARCOS ALONSO,RC CELTA,1,13,84,48,36,735,622,31,0,0.00,0.00,0.00,0.00,0.00,0.00,0.00
,MARCOS ANDRÉ DE SOUSA MENDONÇA,REAL VALLADOLID CF,0,0,53,28,25,48,28,6,0,0.00,0.00,0.00,0.00,0.00,0.00,0.00
,MARCOS LLORENTE,ATLÉTICO DE MADRID,0,19,59,49,10,383,316,10,0,0.40,0.20,0.20,0.00,0.40,0.00,0.00
,MARCOS DO NASCIMENTO TEIXEIRA,SEVILLA FC,0,9,47,28,19,253,217,6,0,0.00,0.00,0.00,0.00,0.00,0.00,0.00
,MARIO MAROTO,REAL VALLADOLID CF,0,0,4,2,2,15,11,0,0,0.00,0.00,0.00,0.00,0.00,0.00,0.00
,MARIO MARTÍN,REAL VALLADOLID CF,0,22,124,97,27,269,212,18,0,0.00,0.00,0.00,0.00,0.00,0.00,0.00
,MARKO DMITROVIC,CD LEGANÉS,0,0,6,3,3,277,64,56,0,0.00,0.00,0.00,0.00,0.00,0.00,0.00
,MARTIN VALJENT,RCD MALLORCA,0,13,51,23,28,501,386,45,0,0.00,0.00,0.00,0.00,0.00,0.00,0.00
,MARTÍN TEJÓN,VALENCIA CF,0,2,15,12,3,25,20,0,0,0.00,0.00,0.00,0.00,0.00,0.00,0.00
,MARTÍN ZUBIMENDI,REAL SOCIEDAD,1,39,141,102,39,846,681,41,1,0.10,0.00,0.10,0.10,0.00,0.00,0.00
,MARVIN PARK,UD LAS PALMAS,0,10,50,42,8,146,109,7,0,0.00,0.00,0.00,0.00,0.00,0.00,0.00
,LUCAS GARCÍA MADRIGAL,GIRONA FC,0,0,0,0,0,0,0,0,0,0.00,0.00,0.00,0.00,0.00,0.00,0.00
,LUCAS OCAMPOS,,1,3,25,18,7,82,56,4,0,0.00,0.00,0.00,0.00,0.00,0.00,0.00
,LUCAS OLIVEIRA ROSA,REAL VALLADOLID CF,0,37,126,106,20,421,308,15,3,0.00,0.00,0.00,0.00,0.00,0.00,0.00
,LUCAS TORRÓ,CA OSASUNA,0,32,201,115,86,551,371,33,0,0.50,0.00,0.50,0.00,0.25,0.25,0.00
,LUCAS VÁZQUEZ,REAL MADRID,11,17,59,52,7,389,335,9,0,0.50,0.00,0.50,0.50,0.00,0.00,0.00
,LUCIEN AGOUMÉ,SEVILLA FC,0,22,93,63,30,407,316,13,2,0.00,0.00,0.00,0.00,0.00,0.00,0.00
,LUIS MILLA,GETAFE CF,51,30,150,112,38,594,447,42,2,0.08,0.00,0.08,0.00,0.08,0.00,0.00
,LUIS PÉREZ,REAL VALLADOLID CF,0,24,91,65,26,419,310,29,2,0.00,0.00,0.00,0.00,0.00,0.00,0.00
,LUIS RIOJA,VALENCIA CF,18,14,98,85,13,263,190,10,1,0.29,0.14,0.14,0.29,0.00,0.00,0.00
,LUIZ LÚCIO REIS JÚNIOR,VILLARREAL CF,0,0,0,0,0,0,0,0,0,0.00,0.00,0.00,0.00,0.00,0.00,0.00
,LUKA MODRIC,REAL MADRID,34,7,46,41,5,581,491,35,5,0.00,0.00,0.00,0.00,0.00,0.00,0.00
,LUKA ROMERO,DEPORTIVO ALAVÉS,4,4,25,19,6,39,31,0,0,0.00,0.00,0.00,0.00,0.00,0.00,0.00
,LUKA SUCIC,REAL SOCIEDAD,0,14,72,56,16,361,302,10,3,0.08,0.08,0.00,0.08,0.00,0.00,0.00
,MAMADOU SYLLA,REAL VALLADOLID CF,0,2,78,24,54,95,58,0,0,0.22,0.00,0.22,0.00,0.22,0.00,0.00
,MANU BUENO,SEVILLA FC,0,0,0,0,0,0,0,0,0,0.00,0.00,0.00,0.00,0.00,0.00,0.00
,MANU FUSTER,UD LAS PALMAS,7,5,39,34,5,156,126,8,2,0.25,0.25,0.00,0.00,0.25,0.00,0.00
,MANU GONZÁLEZ,REAL BETIS,0,0,0,0,0,0,0,0,0,0.00,0.00,0.00,0.00,0.00,0.00,0.00
,MANU MORLANES,RCD MALLORCA,1,30,90,68,22,482,413,17,2,0.00,0.00,0.00,0.00,0.00,0.00,0.00
,MANU SÁNCHEZ,DEPORTIVO ALAVÉS,4,20,82,67,15,315,203,12,0,0.00,0.00,0.00,0.00,0.00,0.00,0.00
,MARASH KUMBULLA,RCD ESPANYOL DE BARCELONA,0,16,97,58,39,471,372,28,0,0.33,0.00,0.33,0.00,0.00,0.33,0.00
,KIKE BARJA,CA OSASUNA,0,0,0,0,0,0,0,0,0,0.00,0.00,0.00,0.00,0.00,0.00,0.00
,KIKE GARCÍA,DEPORTIVO ALAVÉS,0,4,139,64,75,152,93,8,2,0.23,0.00,0.23,0.08,0.08,0.08,0.00
,KIKE PÉREZ,REAL VALLADOLID CF,11,29,114,96,18,341,258,23,2,0.10,0.00,0.10,0.10,0.00,0.00,0.00
,KIKE SALAS,SEVILLA FC,0,6,55,15,40,439,338,14,0,0.00,0.00,0.00,0.00,0.00,0.00,0.00
,KIKO FEMENÍA,VILLARREAL CF,0,25,75,66,9,633,549,24,0,0.00,0.00,0.00,0.00,0.00,0.00,0.00
,MIN-SU KIM,GIRONA FC,0,1,6,5,1,10,9,0,0,0.00,0.00,0.00,0.00,0.00,0.00,0.00
,KIRIAN RODRÍGUEZ,UD LAS PALMAS,2,20,94,78,16,809,669,31,6,0.00,0.00,0.00,0.00,0.00,0.00,0.00
,JORGE IGLESIAS GONZÁLEZ,REAL VALLADOLID CF,0,0,0,0,0,0,0,0,0,0.00,0.00,0.00,0.00,0.00,0.00,0.00
,JORGE RESURRECCIÓN MERODIO,ATLÉTICO DE MADRID,4,25,86,73,13,816,677,34,1,0.25,0.00,0.25,0.00,0.25,0.00,0.00
,KYLIAN MBAPPÉ,REAL MADRID,2,2,124,121,3,411,335,17,2,0.18,0.04,0.13,0.02,0.16,0.00,0.00
,LADISLAV KREJCÍ,GIRONA FC,0,6,41,22,19,652,562,24,0,0.40,0.20,0.20,0.40,0.00,0.00,0.00
,LALO AGUILAR,ALBACETE BP,0,0,0,0,0,0,0,0,0,0.00,0.00,0.00,0.00,0.00,0.00,0.00
,LAMINE YAMAL NASRAOUI EBANA,FC BARCELONA,2,20,176,175,1,474,362,14,9,0.14,0.06,0.08,0.11,0.03,0.00,0.00
,LEANDRO CABRERA,RCD ESPANYOL DE BARCELONA,0,19,59,28,31,391,242,39,1,0.25,0.00,0.25,0.25,0.00,0.00,0.00
,LEO ROMÁN,RCD MALLORCA,0,0,1,1,0,158,45,47,0,0.00,0.00,0.00,0.00,0.00,0.00,0.00
,LLORENÇ SERRED,RCD ESPANYOL DE BARCELONA,0,0,0,0,0,0,0,0,0,0.00,0.00,0.00,0.00,0.00,0.00,0.00
,LOGAN EVANS COSTA,VILLARREAL CF,0,13,50,22,28,533,436,33,1,0.17,0.00,0.17,0.00,0.00,0.17,0.00
,LORENZO AGUADO HERRERA,REAL MADRID,0,0,0,0,0,0,0,0,0,0.00,0.00,0.00,0.00,0.00,0.00,0.00
,LOÏC BADÉ,SEVILLA FC,0,20,88,48,40,648,511,41,1,0.00,0.00,0.00,0.00,0.00,0.00,0.00
,LUCAS ALCÁZAR,REAL BETIS,0,0,0,0,0,0,0,0,0,0.00,0.00,0.00,0.00,0.00,0.00,0.00
,JUAN CRUZ ÁLVARO ARMADA,CA OSASUNA,0,8,27,23,4,152,114,6,0,0.00,0.00,0.00,0.00,0.00,0.00,0.00
,JUAN HERZOG,UD LAS PALMAS,0,2,22,7,15,248,213,11,0,0.00,0.00,0.00,0.00,0.00,0.00,0.00
,JUAN IGLESIAS,GETAFE CF,0,37,140,113,27,311,165,21,0,0.00,0.00,0.00,0.00,0.00,0.00,0.00
,JUAN MUSSO,ATLÉTICO DE MADRID,0,0,1,0,1,23,17,1,0,0.00,0.00,0.00,0.00,0.00,0.00,0.00
,JUAN SORIANO,CD LEGANÉS,0,1,4,4,0,165,42,36,0,0.00,0.00,0.00,0.00,0.00,0.00,0.00
,JUANLU SÁNCHEZ,SEVILLA FC,0,7,38,27,11,152,126,1,0,0.33,0.00,0.33,0.00,0.33,0.00,0.00
,JUAN MIGUEL JIMÉNEZ LÓPEZ,REAL BETIS,0,6,29,24,5,49,38,1,0,0.00,0.00,0.00,0.00,0.00,0.00,0.00
,JUANMI LATASA,REAL VALLADOLID CF,0,1,113,44,69,95,52,2,0,0.00,0.00,0.00,0.00,0.00,0.00,0.00
,JUAN PEDRO RAMÍREZ LÓPEZ,GIRONA FC,0,7,27,11,16,215,183,13,0,0.00,0.00,0.00,0.00,0.00,0.00,0.00
,JUDE BELLINGHAM,REAL MADRID,0,26,112,96,16,567,489,18,5,0.31,0.00,0.31,0.08,0.15,0.08,0.00
,JULEN AGIRREZABALA,ATHLETIC CLUB,0,0,10,5,5,323,150,57,0,0.00,0.00,0.00,0.00,0.00,0.00,0.00
,JULEN LARTITEGI,DEPORTIVO ALAVÉS,0,0,0,0,0,0,0,0,0,0.00,0.00,0.00,0.00,0.00,0.00,0.00
,JULES KOUNDÉ,FC BARCELONA,0,33,117,95,22,793,671,26,5,0.20,0.00,0.20,0.00,0.20,0.00,0.00
,JULIÁN ÁLVAREZ,ATLÉTICO DE MADRID,2,4,68,46,22,286,218,9,1,0.25,0.00,0.25,0.10,0.15,0.00,0.00
,JULIÁN CHICCO,CD LEGANÉS,0,6,21,17,4,73,55,3,0,0.00,0.00,0.00,0.00,0.00,0.00,0.00
,JUMA BAH,REAL VALLADOLID CF,0,5,55,22,33,225,164,12,0,0.00,0.00,0.00,0.00,0.00,0.00,0.00
,JUSTIN SMITH,RCD ESPANYOL DE BARCELONA,0,4,9,9,0,14,9,0,0,0.00,0.00,0.00,0.00,0.00,0.00,0.00
,KARL HEIN,REAL VALLADOLID CF,0,0,7,2,5,512,268,94,0,0.00,0.00,0.00,0.00,0.00,0.00,0.00
,KELECHI IHEANACHO,SEVILLA FC,0,1,23,15,8,75,55,1,0,0.00,0.00,0.00,0.00,0.00,0.00,0.00
,ROBERT KENEDY NUNES DO NASCIMENTO,REAL VALLADOLID CF,0,0,2,2,0,2,1,0,0,0.00,0.00,0.00,0.00,0.00,0.00,0.00
,JON MONCAYOLA,CA OSASUNA,27,31,83,71,12,320,225,20,0,0.00,0.00,0.00,0.00,0.00,0.00,0.00
,JON OLASAGASTI,REAL SOCIEDAD,0,3,10,7,3,41,34,0,0,0.00,0.00,0.00,0.00,0.00,0.00,0.00
,JON PACHECO,REAL SOCIEDAD,0,4,34,19,15,240,196,13,0,0.00,0.00,0.00,0.00,0.00,0.00,0.00
,JONATHAN BAMBA,RC CELTA,1,10,90,77,13,300,249,6,3,0.00,0.00,0.00,0.00,0.00,0.00,0.00
,JONI MONTIEL,RAYO VALLECANO,0,0,0,0,0,0,0,0,0,0.00,0.00,0.00,0.00,0.00,0.00,0.00
,JORGE HERRANDO,CA OSASUNA,0,3,19,6,13,179,129,5,0,0.00,0.00,0.00,0.00,0.00,0.00,0.00
,JORGE SÁENZ,CD LEGANÉS,0,14,63,35,28,366,271,31,0,1.00,0.00,1.00,0.00,1.00,0.00,0.00
,JORGE DE FRUTOS,RAYO VALLECANO,0,19,121,112,9,249,189,3,1,0.20,0.00,0.20,0.00,0.20,0.00,0.00
,JOSEPH AIDOO,RC CELTA,0,1,2,2,0,7,6,0,0,0.00,0.00,0.00,0.00,0.00,0.00,0.00
,JOSÉ ARNÁIZ,CA OSASUNA,0,2,10,9,1,13,9,0,0,0.00,0.00,0.00,0.00,0.00,0.00,0.00
,JOSÉ CAMPAÑA,UD LAS PALMAS,10,10,49,39,10,393,334,22,1,0.00,0.00,0.00,0.00,0.00,0.00,0.00
,JOSÉ GAYÀ,VALENCIA CF,0,6,26,21,5,115,75,12,0,0.00,0.00,0.00,0.00,0.00,0.00,0.00
,JOSÉ GRAGERA,RCD ESPANYOL DE BARCELONA,0,25,79,63,16,216,184,6,0,0.00,0.00,0.00,0.00,0.00,0.00,0.00
,JOSÉ GIMÉNEZ,ATLÉTICO DE MADRID,0,10,62,29,33,662,543,60,1,0.00,0.00,0.00,0.00,0.00,0.00,0.00
,JOSÉ ÁNGEL CARMONA,SEVILLA FC,0,41,136,111,25,681,538,20,1,0.00,0.00,0.00,0.00,0.00,0.00,0.00
,JOÃO URBÁEZ,CD LEGANÉS,0,0,0,0,0,0,0,0,0,0.00,0.00,0.00,0.00,0.00,0.00,0.00
,JUAN BERNAT,VILLARREAL CF,0,3,10,9,1,28,24,0,0,0.00,0.00,0.00,0.00,0.00,0.00,0.00
,JUAN BERROCAL,GETAFE CF,0,10,50,20,30,183,124,12,0,0.00,0.00,0.00,0.00,0.00,0.00,0.00
,JUAN CARLOS MARTÍN CORRAL,GIRONA FC,0,0,0,0,0,0,0,0,0,0.00,0.00,0.00,0.00,0.00,0.00,0.00
,JUAN CRUZ,CD LEGANÉS,13,8,78,70,8,257,179,9,5,0.25,0.13,0.13,0.25,0.00,0.00,0.00
,JESÚS ARESO,CA OSASUNA,0,25,108,92,16,377,268,15,0,0.00,0.00,0.00,0.00,0.00,0.00,0.00
,JESÚS NAVAS,SEVILLA FC,1,4,24,15,9,169,136,5,0,0.33,0.00,0.33,0.00,0.33,0.00,0.00
,JESÚS OWONO,DEPORTIVO ALAVÉS,0,0,0,0,0,0,0,0,0,0.00,0.00,0.00,0.00,0.00,0.00,0.00
,JESÚS RODRIGUEZ,REAL BETIS,0,1,21,17,4,20,12,0,0,0.00,0.00,0.00,0.00,0.00,0.00,0.00
,JESÚS VALLEJO,REAL MADRID,0,0,1,0,1,14,12,0,0,0.00,0.00,0.00,0.00,0.00,0.00,0.00
,JESÚS VÁZQUEZ,VALENCIA CF,0,16,77,64,13,184,130,6,0,0.00,0.00,0.00,0.00,0.00,0.00,0.00
,JHON SOLÍS,GIRONA FC,0,4,37,32,5,193,174,2,0,0.00,0.00,0.00,0.00,0.00,0.00,0.00
,JIRÍ LETÁCEK,GETAFE CF,0,0,0,0,0,0,0,0,0,0.00,0.00,0.00,0.00,0.00,0.00,0.00
,JOAN GARCÍA,RCD ESPANYOL DE BARCELONA,0,0,9,1,8,360,150,76,0,0.00,0.00,0.00,0.00,0.00,0.00,0.00
,JOAN JORDÁN,DEPORTIVO ALAVÉS,15,11,39,32,7,230,148,26,0,0.00,0.00,0.00,0.00,0.00,0.00,0.00
,JOAQUÍN PANICHELLI,CD MIRANDÉS,0,0,0,0,0,0,0,0,0,0.00,0.00,0.00,0.00,0.00,0.00,0.00
,JOEL ROCA,CD MIRANDÉS,0,0,0,0,0,0,0,0,0,0.00,0.00,0.00,0.00,0.00,0.00,0.00
,JOFRE CARRERAS,RCD ESPANYOL DE BARCELONA,0,7,112,109,3,184,130,6,1,0.15,0.15,0.00,0.00,0.15,0.00,0.00
,JOHAN MOJICA,RCD MALLORCA,0,18,94,84,10,465,335,32,0,0.33,0.00,0.33,0.33,0.00,0.00,0.00
,JOHN PATRICK,GETAFE CF,0,0,10,6,4,17,14,0,0,0.00,0.00,0.00,0.00,0.00,0.00,0.00
,JOHNNY CARDOSO,REAL BETIS,0,18,74,65,9,272,216,14,1,0.00,0.00,0.00,0.00,0.00,0.00,0.00
,JON ARAMBURU,REAL SOCIEDAD,0,43,125,101,24,468,363,13,0,0.00,0.00,0.00,0.00,0.00,0.00,0.00
,JON GURIDI,DEPORTIVO ALAVÉS,5,11,77,54,23,292,227,9,1,0.25,0.00,0.25,0.13,0.13,0.00,0.00
,JON MAGUNAZELAIA,REAL SOCIEDAD,0,1,6,3,3,13,7,0,1,0.00,0.00,0.00,0.00,0.00,0.00,0.00
,JON MARTÍN,REAL SOCIEDAD,0,0,16,6,10,30,18,2,0,0.00,0.00,0.00,0.00,0.00,0.00,0.00
,JAIME MATA,UD LAS PALMAS,0,3,40,22,18,60,42,3,0,0.00,0.00,0.00,0.00,0.00,0.00,0.00
,JAMES RODRÍGUEZ,RAYO VALLECANO,6,3,20,15,5,83,65,9,1,0.00,0.00,0.00,0.00,0.00,0.00,0.00
,JAN OBLAK,ATLÉTICO DE MADRID,0,0,2,1,1,297,174,53,0,0.00,0.00,0.00,0.00,0.00,0.00,0.00
,JAN SALAS,RCD MALLORCA,0,0,0,0,0,0,0,0,0,0.00,0.00,0.00,0.00,0.00,0.00,0.00
,JASPER CILLESSEN,UD LAS PALMAS,0,1,5,3,2,450,228,62,0,0.00,0.00,0.00,0.00,0.00,0.00,0.00
,ANTONINO JASTIN GARCÍA LÓPEZ,GIRONA FC,0,0,0,0,0,0,0,0,0,0.00,0.00,0.00,0.00,0.00,0.00,0.00
,JAUME DOMÈNECH,VALENCIA CF,0,0,0,0,0,0,0,0,0,0.00,0.00,0.00,0.00,0.00,0.00,0.00
,JAVI GALÁN,ATLÉTICO DE MADRID,0,10,71,57,14,188,153,6,1,0.00,0.00,0.00,0.00,0.00,0.00,0.00
,JAVI GUERRA,VALENCIA CF,4,23,89,78,11,261,189,8,2,0.00,0.00,0.00,0.00,0.00,0.00,0.00
,JAVI HERNÁNDEZ,CD LEGANÉS,0,15,86,73,13,298,214,11,1,0.00,0.00,0.00,0.00,0.00,0.00,0.00
,JAVI LLABRÉS,RCD MALLORCA,0,0,0,0,0,0,0,0,0,0.00,0.00,0.00,0.00,0.00,0.00,0.00
,JAVI LÓPEZ,REAL SOCIEDAD,0,14,64,53,11,305,249,18,0,0.00,0.00,0.00,0.00,0.00,0.00,0.00
,JAVI MARTÍNEZ,CA OSASUNA,0,0,0,0,0,9,9,0,0,0.00,0.00,0.00,0.00,0.00,0.00,0.00
,JAVI MUÑOZ,UD LAS PALMAS,0,22,86,72,14,454,338,26,2,0.00,0.00,0.00,0.00,0.00,0.00,0.00
,JAVI PUADO,RCD ESPANYOL DE BARCELONA,1,10,72,57,15,210,166,4,3,0.28,0.06,0.22,0.06,0.17,0.06,0.00
,JAVI RODRÍGUEZ,RC CELTA,0,15,61,42,19,627,520,24,1,0.20,0.00,0.20,0.00,0.20,0.00,0.00
,JAVI SERRANO,ATLÉTICO DE MADRID,0,0,0,0,0,0,0,0,0,0.00,0.00,0.00,0.00,0.00,0.00,0.00
,JAVI SÁNCHEZ DE FELIPE,REAL VALLADOLID CF,0,8,51,16,35,375,297,25,0,0.00,0.00,0.00,0.00,0.00,0.00,0.00
,JAVIER MANQUILLO,RC CELTA,0,7,38,24,14,327,290,2,1,0.00,0.00,0.00,0.00,0.00,0.00,0.00
,JAVIER MARTÓN,ATHLETIC CLUB,0,0,4,1,3,7,6,0,0,0.00,0.00,0.00,0.00,0.00,0.00,0.00
,IKER ÁLVAREZ,VILLARREAL B,0,0,0,0,0,0,0,0,0,0.00,0.00,0.00,0.00,0.00,0.00,0.00
,MORIBA KOUROUMA KOUROUMA,RC CELTA,0,21,91,77,14,354,293,18,2,0.00,0.00,0.00,0.00,0.00,0.00,0.00
,ILIAS AKHOMACH,VILLARREAL B,3,12,105,92,13,164,124,7,1,0.07,0.00,0.07,0.07,0.00,0.00,0.00
,ILIAS KOSTIS,ATLÉTICO DE MADRID,0,0,0,0,0,0,0,0,0,0.00,0.00,0.00,0.00,0.00,0.00,0.00
,IRVIN CARDONA,RCD ESPANYOL DE BARCELONA,0,7,43,30,13,92,59,3,1,0.13,0.13,0.00,0.00,0.13,0.00,0.00
,ISAAC ROMERO,SEVILLA FC,0,5,143,96,47,191,137,3,1,0.00,0.00,0.00,0.00,0.00,0.00,0.00
,ISI PALAZÓN,RAYO VALLECANO,18,9,107,89,18,244,186,11,5,0.07,0.00,0.07,0.07,0.00,0.00,0.00
,ISRAEL DOMÍNGUEZ,SEVILLA FC,0,0,2,1,1,1,1,0,0,0.00,0.00,0.00,0.00,0.00,0.00,0.00
,IVÁN BALLIU,RAYO VALLECANO,0,10,54,33,21,201,147,8,0,0.00,0.00,0.00,0.00,0.00,0.00,0.00
,IVÁN CUÉLLAR,RCD MALLORCA,0,0,0,0,0,0,0,0,0,0.00,0.00,0.00,0.00,0.00,0.00,0.00
,IVÁN GIL,UD LAS PALMAS,0,0,0,0,0,0,0,0,0,0.00,0.00,0.00,0.00,0.00,0.00,0.00
,IVÁN MARTÍN,GIRONA FC,0,13,68,64,4,614,551,17,1,1.00,0.00,1.00,0.00,1.00,0.00,0.00
,IVÁN SÁNCHEZ AGUAYO,REAL VALLADOLID CF,9,13,83,72,11,177,128,19,1,0.20,0.20,0.00,0.20,0.00,0.00,0.00
,IVÁN VILLAR,RC CELTA,0,0,2,0,2,102,75,5,0,0.00,0.00,0.00,0.00,0.00,0.00,0.00
,IGNACIO PEÑA SOTORRES,FC BARCELONA,0,0,3,2,1,410,325,33,0,0.00,0.00,0.00,0.00,0.00,0.00,0.00
,IÑAKI WILLIAMS,ATHLETIC CLUB,0,10,142,112,30,290,194,3,3,0.19,0.00,0.19,0.06,0.13,0.00,0.00
,ÍÑIGO MARTÍNEZ,FC BARCELONA,0,15,94,41,53,1362,1157,78,1,0.00,0.00,0.00,0.00,0.00,0.00,0.00
,JACKSON POROZO,CD LEGANÉS,0,0,0,0,0,0,0,0,0,0.00,0.00,0.00,0.00,0.00,0.00,0.00
,JACOBO RAMÓN,REAL MADRID,0,0,0,0,0,0,0,0,0,0.00,0.00,0.00,0.00,0.00,0.00,0.00
,JAILSON MARQUES SIQUEIRA,RC CELTA,0,7,40,23,17,350,308,8,0,0.00,0.00,0.00,0.00,0.00,0.00,0.00
,GORKA RIVERA,GETAFE CF,0,2,6,5,1,6,2,0,0,0.00,0.00,0.00,0.00,0.00,0.00,0.00
,GUILLE FERNÁNDEZ,FC BARCELONA,0,0,0,0,0,0,0,0,0,0.00,0.00,0.00,0.00,0.00,0.00,0.00
,GUILLEM TRILLA,GETAFE CF,0,0,0,0,0,0,0,0,0,0.00,0.00,0.00,0.00,0.00,0.00,0.00
,HAMARI TRAORÉ,REAL SOCIEDAD,0,11,35,24,11,154,118,9,0,0.00,0.00,0.00,0.00,0.00,0.00,0.00
,HORATIU MOLDOVAN,,0,0,0,0,0,0,0,0,0,0.00,0.00,0.00,0.00,0.00,0.00,0.00
,HUGO DURO,VALENCIA CF,0,7,124,64,60,161,113,4,0,0.33,0.00,0.33,0.25,0.00,0.08,0.00
,HUGO GUILLAMÓN,VALENCIA CF,0,9,31,22,9,159,120,7,0,0.00,0.00,0.00,0.00,0.00,0.00,0.00
,HUGO NOVOA,DEPORTIVO ALAVÉS,0,8,27,19,8,46,34,3,0,0.00,0.00,0.00,0.00,0.00,0.00,0.00
,HUGO SOTELO,RC CELTA,13,14,56,50,6,521,436,30,1,0.00,0.00,0.00,0.00,0.00,0.00,0.00
,HUGO ÁLVAREZ,RC CELTA,9,19,119,112,7,553,435,9,0,0.22,0.00,0.22,0.11,0.11,0.00,0.00
,HÉCTOR BELLERÍN,REAL BETIS,0,12,47,33,14,253,197,12,2,0.00,0.00,0.00,0.00,0.00,0.00,0.00
,HÉCTOR FORT,FC BARCELONA,0,6,25,19,6,190,169,4,0,0.00,0.00,0.00,0.00,0.00,0.00,0.00
,IAGO ASPAS,RC CELTA,2,11,92,82,10,470,324,28,10,0.19,0.04,0.15,0.19,0.00,0.00,0.00
,IGOR ZUBELDIA,REAL SOCIEDAD,0,15,124,44,80,764,630,33,2,0.00,0.00,0.00,0.00,0.00,0.00,0.00
,IKER ALMENA,,0,0,5,5,0,26,21,0,0,0.00,0.00,0.00,0.00,0.00,0.00,0.00
,IKER BACHILLER,CD LEGANÉS,0,0,0,0,0,0,0,0,0,0.00,0.00,0.00,0.00,0.00,0.00,0.00
,IKER BENITO,CA OSASUNA,0,0,5,4,1,11,9,0,0,0.00,0.00,0.00,0.00,0.00,0.00,0.00
,IKER CÓRDOBA,VALENCIA CF,0,0,0,0,0,0,0,0,0,0.00,0.00,0.00,0.00,0.00,0.00,0.00
,IKER LOSADA,REAL BETIS,0,10,36,29,7,138,105,1,2,0.00,0.00,0.00,0.00,0.00,0.00,0.00
,IKER MUÑOZ,CA OSASUNA,0,1,12,7,5,63,44,3,0,0.00,0.00,0.00,0.00,0.00,0.00,0.00
,FRAN GARCÍA,REAL MADRID,0,9,45,36,9,398,342,10,0,0.00,0.00,0.00,0.00,0.00,0.00,0.00
,FRANCISCO JAVIER GONZÁLEZ PÉREZ,REAL MADRID,0,0,0,0,0,0,0,0,0,0.00,0.00,0.00,0.00,0.00,0.00,0.00
,FRAN PÉREZ,VALENCIA CF,0,1,6,4,2,13,8,1,0,0.00,0.00,0.00,0.00,0.00,0.00,0.00
,FRANCISCO BARBOSA VIEITES,REAL BETIS,0,0,0,0,0,0,0,0,0,0.00,0.00,0.00,0.00,0.00,0.00,0.00
,FRANCO CERVI,RC CELTA,0,0,3,2,1,5,4,0,0,0.00,0.00,0.00,0.00,0.00,0.00,0.00
,FRENKIE DE JONG,FC BARCELONA,0,1,14,13,1,166,151,5,1,1.00,0.00,1.00,1.00,0.00,0.00,0.00
,FÁBIO DANIEL SOARES SILVA,UD LAS PALMAS,0,5,136,87,49,200,124,6,1,0.23,0.00,0.23,0.00,0.18,0.05,0.00
,GABRIEL MISEHOUY,GIRONA FC,3,0,18,17,1,62,57,0,0,0.33,0.00,0.33,0.00,0.33,0.00,0.00
,PABLO PÁEZ GAVIRA,FC BARCELONA,0,5,28,22,6,128,108,5,1,0.00,0.00,0.00,0.00,0.00,0.00,0.00
,GERARD GUMBAU,RAYO VALLECANO,15,12,62,38,24,171,114,10,0,0.00,0.00,0.00,0.00,0.00,0.00,0.00
,GERARD MARTÍN,FC BARCELONA,0,10,32,24,8,232,187,4,1,0.00,0.00,0.00,0.00,0.00,0.00,0.00
,GERARD MORENO,VILLARREAL CF,0,2,19,14,5,77,57,5,0,0.13,0.00,0.13,0.13,0.00,0.00,0.00
,GERMÁN VALERA,VALENCIA CF,0,1,9,8,1,24,20,0,0,0.00,0.00,0.00,0.00,0.00,0.00,0.00
,GERÓNIMO SPINA,ATLÉTICO DE MADRID,0,0,0,0,0,0,0,0,0,0.00,0.00,0.00,0.00,0.00,0.00,0.00
,GIORGI MAMARDASHVILI,VALENCIA CF,0,0,4,1,3,360,155,68,0,0.00,0.00,0.00,0.00,0.00,0.00,0.00
,GIOVANI LO CELSO,REAL BETIS,32,17,108,99,9,378,301,24,5,0.28,0.11,0.17,0.28,0.00,0.00,0.00
,GIULIANO SIMEONE,ATLÉTICO DE MADRID,1,8,50,45,5,188,149,1,1,0.33,0.00,0.33,0.00,0.33,0.00,0.00
,GONZALO GARCÍA,REAL MADRID,0,0,0,0,0,0,0,0,0,0.00,0.00,0.00,0.00,0.00,0.00,0.00
,GONZALO MONTIEL,SEVILLA FC,0,0,1,1,0,8,5,1,0,0.00,0.00,0.00,0.00,0.00,0.00,0.00
,GORKA GURUZETA,ATHLETIC CLUB,0,8,125,72,53,183,133,7,0,0.22,0.00,0.22,0.00,0.17,0.06,0.00
,ENRIC GARCÍA,GIRONA FC,0,0,0,0,0,0,0,0,0,0.00,0.00,0.00,0.00,0.00,0.00,0.00
,ENZO BARRENECHEA,VALENCIA CF,0,11,53,40,13,252,187,14,0,0.33,0.00,0.33,0.33,0.00,0.00,0.00
,ENZO BOYOMO,CA OSASUNA,0,28,95,63,32,572,473,22,0,0.17,0.00,0.17,0.00,0.17,0.00,0.00
,ENZO LOIODICE,UD LAS PALMAS,5,4,29,24,5,179,144,4,0,0.00,0.00,0.00,0.00,0.00,0.00,0.00
,ERAY CÖMERT,REAL VALLADOLID CF,0,13,64,39,25,423,328,31,0,0.00,0.00,0.00,0.00,0.00,0.00,0.00
,ERIC BAILLY,VILLARREAL CF,0,9,35,20,15,262,222,12,0,0.00,0.00,0.00,0.00,0.00,0.00,0.00
,ERIC GARCÍA,FC BARCELONA,0,10,48,26,22,295,257,10,1,0.00,0.00,0.00,0.00,0.00,0.00,0.00
,ETIENNE ETO'O PINEDA,RAYO VALLECANO,0,0,0,0,0,0,0,0,0,0.00,0.00,0.00,0.00,0.00,0.00,0.00
,KARL EDOUARD BLAISE ETTA EYONG,VILLARREAL CF,0,0,0,0,0,0,0,0,0,0.00,0.00,0.00,0.00,0.00,0.00,0.00
,FABIO GONZÁLEZ,UD LAS PALMAS,0,0,3,2,1,52,40,3,0,0.00,0.00,0.00,0.00,0.00,0.00,0.00
,FEDERICO VALVERDE,REAL MADRID,3,23,75,55,20,910,763,60,1,0.19,0.19,0.00,0.00,0.19,0.00,0.06
,FERLAND MENDY,REAL MADRID,0,15,39,35,4,409,366,17,0,0.00,0.00,0.00,0.00,0.00,0.00,0.00
,FERMÍN LÓPEZ,FC BARCELONA,0,6,40,30,10,127,107,4,1,0.00,0.00,0.00,0.00,0.00,0.00,0.00
,FERNANDO CALERO,RCD ESPANYOL DE BARCELONA,0,4,14,9,5,101,71,14,0,0.00,0.00,0.00,0.00,0.00,0.00,0.00
,FERNANDO LÓPEZ,RC CELTA,0,0,0,0,0,0,0,0,0,0.00,0.00,0.00,0.00,0.00,0.00,0.00
,FERNANDO PACHECO,RCD ESPANYOL DE BARCELONA,0,0,0,0,0,0,0,0,0,0.00,0.00,0.00,0.00,0.00,0.00,0.00
,FERRAN TORRES,FC BARCELONA,5,5,26,23,3,123,91,2,1,0.18,0.00,0.18,0.00,0.18,0.00,0.00
,FERRÁN RUIZ MARTÍ,GIRONA FC,0,0,1,0,1,6,3,0,0,0.00,0.00,0.00,0.00,0.00,0.00,0.00
,FLORIAN LEJEUNE,RAYO VALLECANO,0,21,107,55,52,695,501,67,0,0.00,0.00,0.00,0.00,0.00,0.00,0.00
,FRAN BELTRÁN,RC CELTA,0,19,69,54,15,490,413,25,2,0.25,0.25,0.00,0.00,0.25,0.00,0.00
,DIEGO LÓPEZ,VALENCIA CF,0,9,98,75,23,270,190,10,1,0.22,0.00,0.22,0.00,0.11,0.11,0.00
,DIEGO RICO,GETAFE CF,7,41,129,107,22,455,288,19,0,0.00,0.00,0.00,0.00,0.00,0.00,0.00
,DIMITRI FOULQUIER,VALENCIA CF,0,21,75,67,8,225,158,11,0,0.00,0.00,0.00,0.00,0.00,0.00,0.00
,DIMITRIOS STAMATAKIS,CA OSASUNA,0,0,0,0,0,0,0,0,0,0.00,0.00,0.00,0.00,0.00,0.00,0.00
,DINKO HORKAS,UD LAS PALMAS,0,0,1,1,0,87,61,13,0,0.00,0.00,0.00,0.00,0.00,0.00,0.00
,DJENÉ DAKONAM,GETAFE CF,0,6,78,44,34,350,249,25,0,0.00,0.00,0.00,0.00,0.00,0.00,0.00
,DJIBRIL SOW,SEVILLA FC,2,5,61,42,19,306,261,10,0,0.17,0.00,0.17,0.00,0.17,0.00,0.00
,DJORDJIJE MEDENICA,GETAFE CF,0,0,0,0,0,0,0,0,0,0.00,0.00,0.00,0.00,0.00,0.00,0.00
,DODI LUKÉBAKIO,SEVILLA FC,24,8,144,132,12,345,268,7,1,0.18,0.03,0.15,0.15,0.03,0.00,0.00
,DOMINGOS DE SOUSA COUTINHO MENESES DUARTE,GETAFE CF,0,2,11,8,3,83,67,5,0,0.00,0.00,0.00,0.00,0.00,0.00,0.00
,DOMINIK GREIF,RCD MALLORCA,0,0,4,0,4,322,140,81,0,0.00,0.00,0.00,0.00,0.00,0.00,0.00
,DONNY VAN DE BEEK,GIRONA FC,0,14,60,52,8,220,178,7,2,0.33,0.33,0.00,0.00,0.33,0.00,0.00
,DÁRIO CASSIA LUÍS ESSUGO,UD LAS PALMAS,0,20,82,65,17,454,379,19,3,0.14,0.14,0.00,0.00,0.14,0.00,0.00
,EDU EXPÓSITO,RCD ESPANYOL DE BARCELONA,0,0,0,0,0,0,0,0,0,0.00,0.00,0.00,0.00,0.00,0.00,0.00
,EDUARDO CAMAVINGA,REAL MADRID,0,9,48,41,7,256,218,8,0,0.00,0.00,0.00,0.00,0.00,0.00,0.00
,EGOITZ ARANA,REAL SOCIEDAD,0,0,0,0,0,0,0,0,0,0.00,0.00,0.00,0.00,0.00,0.00,0.00
,EGOITZ MUÑOZ,DEPORTIVO ALAVÉS,0,0,0,0,0,0,0,0,0,0.00,0.00,0.00,0.00,0.00,0.00,0.00
,ENDRICK FELIPE MOREIRA DE SOUSA,REAL MADRID,0,0,17,12,5,29,22,1,0,0.14,0.00,0.14,0.00,0.14,0.00,0.00
,ENEKO ORTIZ,DEPORTIVO ALAVÉS,0,0,0,0,0,0,0,0,0,0.00,0.00,0.00,0.00,0.00,0.00,0.00
,ENRIC FRANQUESA,CD LEGANÉS,0,17,63,53,10,163,112,7,0,0.33,0.00,0.33,0.33,0.00,0.00,0.00
,DANI REQUENA,VILLARREAL CF,0,0,0,0,0,0,0,0,0,0.00,0.00,0.00,0.00,0.00,0.00,0.00
,DANI RODRÍGUEZ,RCD MALLORCA,30,20,100,78,22,242,175,12,5,0.33,0.00,0.33,0.11,0.11,0.11,0.00
,DANI VIVIAN,ATHLETIC CLUB,0,16,88,50,38,681,548,44,1,0.29,0.00,0.29,0.00,0.29,0.00,0.00
,DANIEL LUNA,RCD MALLORCA,1,0,3,3,0,9,7,0,0,0.00,0.00,0.00,0.00,0.00,0.00,0.00
,DARKO BRASANAC,CD LEGANÉS,0,13,76,44,32,271,206,7,0,0.20,0.00,0.20,0.00,0.20,0.00,0.00
,DARWIN MACHÍS,REAL VALLADOLID CF,9,0,16,15,1,75,46,4,0,0.00,0.00,0.00,0.00,0.00,0.00,0.00
,DAVID ARGÜELLES,GETAFE CF,0,0,0,0,0,5,3,0,0,0.00,0.00,0.00,0.00,0.00,0.00,0.00
,DAVID JIMÉNEZ,REAL MADRID,0,0,0,0,0,0,0,0,0,0.00,0.00,0.00,0.00,0.00,0.00,0.00
,DAVID LÓPEZ,GIRONA FC,0,13,80,45,35,1093,954,51,0,0.00,0.00,0.00,0.00,0.00,0.00,0.00
,DAVID OTORBI,VALENCIA CF,0,0,0,0,0,4,2,0,0,0.00,0.00,0.00,0.00,0.00,0.00,0.00
,DAVID SORIA,GETAFE CF,0,3,6,4,2,334,70,100,0,0.00,0.00,0.00,0.00,0.00,0.00,0.00
,DAVID TORRES,REAL VALLADOLID CF,0,4,46,17,29,351,279,22,0,0.00,0.00,0.00,0.00,0.00,0.00,0.00
,DAWDA CAMARA,GIRONA FC,0,0,0,0,0,0,0,0,0,0.00,0.00,0.00,0.00,0.00,0.00,0.00
,DENIS SUÁREZ,VILLARREAL CF,0,1,11,9,2,35,28,1,0,0.00,0.00,0.00,0.00,0.00,0.00,0.00
,DIEGO AGUADO FACIO,REAL MADRID,0,0,0,0,0,0,0,0,0,0.00,0.00,0.00,0.00,0.00,0.00,0.00
,DIEGO CONDE,VILLARREAL CF,0,2,4,4,0,338,193,60,0,0.00,0.00,0.00,0.00,0.00,0.00,0.00
,DIEGO FERRER,GETAFE CF,0,0,0,0,0,0,0,0,0,0.00,0.00,0.00,0.00,0.00,0.00,0.00
,DIEGO GARCÍA,CD LEGANÉS,0,0,50,19,31,53,35,2,0,0.20,0.00,0.20,0.00,0.20,0.00,0.00
,DIEGO KOCHEN,FC BARCELONA,0,0,0,0,0,0,0,0,0,0.00,0.00,0.00,0.00,0.00,0.00,0.00
,DIEGO LLORENTE,REAL BETIS,0,17,105,49,56,832,682,40,0,0.00,0.00,0.00,0.00,0.00,0.00,0.00
,CONOR GALLAGHER,ATLÉTICO DE MADRID,1,20,93,77,16,320,267,6,1,0.29,0.14,0.14,0.00,0.29,0.00,0.00
,JOSÉ MANUEL ARIAS COPETE,RCD MALLORCA,0,8,36,20,16,196,152,14,0,0.00,0.00,0.00,0.00,0.00,0.00,0.00
,CRISTHIAN MOSQUERA,VALENCIA CF,0,11,79,36,43,661,569,31,0,0.00,0.00,0.00,0.00,0.00,0.00,0.00
,CRISTHIAN STUANI,GIRONA FC,0,2,24,15,9,37,24,0,0,0.40,0.00,0.40,0.00,0.40,0.00,0.00
,CYLE LARIN,RCD MALLORCA,0,4,115,59,56,136,93,2,0,0.18,0.00,0.18,0.00,0.18,0.00,0.00
,CÉDRIC BAKAMBU,REAL BETIS,0,1,35,16,19,48,29,0,1,0.00,0.00,0.00,0.00,0.00,0.00,0.00
,CÉSAR AZPILICUETA,ATLÉTICO DE MADRID,0,12,42,25,17,343,295,11,1,0.00,0.00,0.00,0.00,0.00,0.00,0.00
,CÉSAR FERNÁNDEZ,RC CELTA,0,0,0,0,0,0,0,0,0,0.00,0.00,0.00,0.00,0.00,0.00,0.00
,CÉSAR TÁRREGA,VALENCIA CF,0,14,87,40,47,519,371,30,0,0.40,0.00,0.40,0.00,0.20,0.20,0.00
,CÉSAR DE LA HOZ,REAL VALLADOLID CF,0,0,0,0,0,0,0,0,0,0.00,0.00,0.00,0.00,0.00,0.00,0.00
,DALEY BLIND,GIRONA FC,0,17,62,48,14,948,799,58,1,0.00,0.00,0.00,0.00,0.00,0.00,0.00
,DALEY SINKGRAVEN,UD LAS PALMAS,0,5,14,13,1,57,44,1,0,0.00,0.00,0.00,0.00,0.00,0.00,0.00
,DAMIÁN RODRÍGUEZ,RC CELTA,20,8,40,37,3,492,427,19,0,0.00,0.00,0.00,0.00,0.00,0.00,0.00
,DANI CARVAJAL,REAL MADRID,0,12,47,35,12,402,342,12,0,0.50,0.00,0.50,0.00,0.50,0.00,0.00
,DANI CEBALLOS,REAL MADRID,2,14,40,38,2,312,280,12,0,0.00,0.00,0.00,0.00,0.00,0.00,0.00
,DANI CÁRDENAS,RAYO VALLECANO,0,0,1,0,1,89,23,21,0,0.00,0.00,0.00,0.00,0.00,0.00,0.00
,DANI GÓMEZ,VALENCIA CF,0,3,37,21,16,59,42,0,0,0.14,0.14,0.00,0.00,0.14,0.00,0.00
,DANI OLMO,FC BARCELONA,0,6,62,55,7,205,154,14,6,0.31,0.06,0.25,0.06,0.25,0.00,0.00
,DANI PAREJO,VILLARREAL CF,4,18,79,63,16,666,550,44,1,0.40,0.00,0.40,0.20,0.20,0.00,0.00
,DANI RABA,CD LEGANÉS,11,14,72,68,4,111,76,5,5,0.00,0.00,0.00,0.00,0.00,0.00,0.00
,BRYAN ZARAGOZA,CA OSASUNA,10,11,134,127,7,207,119,14,3,0.07,0.00,0.07,0.00,0.07,0.00,0.00
,CARL STARFELT,RC CELTA,0,15,77,31,46,802,733,19,0,0.50,0.00,0.50,0.00,0.00,0.50,0.00
,CARLES ALEÑÁ,GETAFE CF,1,6,45,28,17,76,58,5,0,0.00,0.00,0.00,0.00,0.00,0.00,0.00
,CARLES PÉREZ,GETAFE CF,4,22,142,117,25,209,147,6,1,0.00,0.00,0.00,0.00,0.00,0.00,0.00
,CARLOS BENAVÍDEZ,DEPORTIVO ALAVÉS,0,5,29,21,8,98,66,8,1,0.50,0.50,0.00,0.50,0.00,0.00,0.00
,CARLOS DOMÍNGUEZ,RC CELTA,0,7,28,15,13,297,249,12,0,0.00,0.00,0.00,0.00,0.00,0.00,0.00
,CARLOS GUIRAO,REAL BETIS,0,5,17,14,3,45,35,1,0,0.00,0.00,0.00,0.00,0.00,0.00,0.00
,CARLOS MARTÍN,DEPORTIVO ALAVÉS,0,11,78,67,11,90,57,1,0,0.14,0.00,0.14,0.00,0.00,0.00,0.00
,CARLOS ROMERO,RCD ESPANYOL DE BARCELONA,11,29,99,84,15,278,197,8,1,0.17,0.00,0.17,0.17,0.00,0.00,0.00
,CARLOS VICENTE,DEPORTIVO ALAVÉS,34,13,135,104,31,242,170,9,1,0.21,0.07,0.14,0.07,0.14,0.00,0.00
,JOSÉ LUIS CATALÀ VÁZQUEZ,RCD ESPANYOL DE BARCELONA,0,0,0,0,0,0,0,0,0,0.00,0.00,0.00,0.00,0.00,0.00,0.00
,CENK ÖZKACAR,REAL VALLADOLID CF,0,3,17,7,10,98,77,4,0,0.00,0.00,0.00,0.00,0.00,0.00,0.00
,JOSÉ MARÍA ANDRES BAIXAULI,REAL MADRID,0,0,0,0,0,0,0,0,0,0.00,0.00,0.00,0.00,0.00,0.00,0.00
,CHIDERA EJUKE,SEVILLA FC,20,5,89,83,6,243,192,9,2,0.11,0.00,0.11,0.00,0.11,0.00,0.00
,CHIMY ÁVILA,REAL BETIS,0,4,45,37,8,148,106,8,0,0.14,0.07,0.07,0.07,0.07,0.00,0.00
,FRANCISCO JORGE TAVARES OLIVEIRA,RCD MALLORCA,4,1,43,38,5,22,17,0,1,0.00,0.00,0.00,0.00,0.00,0.00,0.00
,CHRISTANTUS UCHE,GETAFE CF,0,9,228,142,86,230,160,4,0,0.08,0.00,0.08,0.00,0.00,0.08,0.00
,IVÁN CANTALEJO,REAL VALLADOLID CF,0,1,8,7,1,7,5,0,0,0.00,0.00,0.00,0.00,0.00,0.00,0.00
,CLÉMENT LENGLET,ATLÉTICO DE MADRID,0,2,53,23,30,319,261,17,0,0.33,0.00,0.33,0.33,0.00,0.00,0.00
,COBA DA COSTA,GETAFE CF,0,2,5,5,0,8,4,0,0,0.00,0.00,0.00,0.00,0.00,0.00,0.00
,ARNAU SOLÀ,VILLARREAL CF,0,0,0,0,0,0,0,0,0,0.00,0.00,0.00,0.00,0.00,0.00,0.00
,ARNAUT DANJUMA,GIRONA FC,13,7,61,58,3,198,153,9,0,0.14,0.00,0.14,0.07,0.07,0.00,0.00
,ARTHUR VERMEEREN,RB LEIPZIG,0,0,0,0,0,0,0,0,0,0.00,0.00,0.00,0.00,0.00,0.00,0.00
,ASIER VILLALIBRE,DEPORTIVO ALAVÉS,0,0,26,14,12,39,25,2,0,0.25,0.00,0.25,0.25,0.00,0.00,0.00
,ASSANE DIAO,REAL BETIS,0,4,38,27,11,41,31,0,0,0.00,0.00,0.00,0.00,0.00,0.00,0.00
,AUGUSTO BATALLA,RAYO VALLECANO,0,0,8,5,3,316,124,61,0,0.00,0.00,0.00,0.00,0.00,0.00,0.00
,AURÉLIEN TCHOUAMÉNI,REAL MADRID,0,22,85,59,26,692,616,28,0,0.00,0.00,0.00,0.00,0.00,0.00,0.00
,AXEL WITSEL,ATLÉTICO DE MADRID,0,10,49,18,31,416,360,18,0,0.00,0.00,0.00,0.00,0.00,0.00,0.00
,AYOZE PÉREZ,VILLARREAL CF,0,6,66,57,9,108,90,1,2,0.47,0.07,0.40,0.07,0.27,0.13,0.00
,BENITO RAMÍREZ,UD LAS PALMAS,1,3,30,22,8,161,132,4,0,0.00,0.00,0.00,0.00,0.00,0.00,0.00
,BERTUG YILDIRIM,GETAFE CF,0,6,148,61,87,105,53,2,0,0.09,0.00,0.09,0.00,0.00,0.09,0.00
,BEÑAT PRADOS,ATHLETIC CLUB,0,14,89,70,19,353,289,6,3,0.17,0.00,0.17,0.00,0.00,0.17,0.00
,BEÑAT TURRIENTES,REAL SOCIEDAD,8,11,65,49,16,217,189,7,0,0.00,0.00,0.00,0.00,0.00,0.00,0.00
,BOJAN MIOVSKI,GIRONA FC,0,6,51,31,20,65,52,1,0,0.33,0.00,0.33,0.33,0.00,0.00,0.00
,BORJA IGLESIAS,RC CELTA,0,4,73,57,16,181,137,6,2,0.31,0.00,0.31,0.08,0.15,0.08,0.00
,BORJA MAYORAL,GETAFE CF,0,1,23,10,13,32,18,2,0,0.33,0.00,0.33,0.00,0.33,0.00,0.00
,BRAHIM DÍAZ,REAL MADRID,0,11,63,56,7,176,150,2,2,0.33,0.00,0.33,0.33,0.00,0.00,0.00
,BRAIS MÉNDEZ,REAL SOCIEDAD,9,9,107,92,15,366,296,11,1,0.07,0.00,0.07,0.00,0.07,0.00,0.00
,BRIAN OLIVÁN,RCD ESPANYOL DE BARCELONA,5,6,26,21,5,144,100,7,0,0.00,0.00,0.00,0.00,0.00,0.00,0.00
,BRYAN GIL,GIRONA FC,8,18,125,121,4,352,316,4,0,0.14,0.00,0.14,0.14,0.00,0.00,0.00
,ANDRÉ FILIPE MAGALHÃES RIBEIRO FERREIRA,REAL VALLADOLID CF,0,0,0,0,0,0,0,0,0,0.00,0.00,0.00,0.00,0.00,0.00,0.00
,ANDRÉS CUENCA,FC BARCELONA,0,0,0,0,0,0,0,0,0,0.00,0.00,0.00,0.00,0.00,0.00,0.00
,ANSU FATI,FC BARCELONA,0,1,15,10,5,62,53,0,2,0.00,0.00,0.00,0.00,0.00,0.00,0.00
,ANTE BUDIMIR,CA OSASUNA,0,8,180,61,119,172,98,0,1,0.29,0.00,0.29,0.19,0.00,0.10,0.00
,ANTOINE GRIEZMANN,ATLÉTICO DE MADRID,36,12,82,65,17,581,422,27,5,0.33,0.07,0.27,0.33,0.00,0.00,0.07
,ANTONIO BLANCO,DEPORTIVO ALAVÉS,0,25,112,92,20,368,262,29,3,0.00,0.00,0.00,0.00,0.00,0.00,0.00
,ANTONIO ESPIGARES,VILLARREAL CF,0,0,0,0,0,0,0,0,0,0.00,0.00,0.00,0.00,0.00,0.00,0.00
,ANTONIO GOMIS,ATLÉTICO DE MADRID,0,0,0,0,0,0,0,0,0,0.00,0.00,0.00,0.00,0.00,0.00,0.00
,ANTONIO RAÍLLO,RCD MALLORCA,0,14,141,49,92,753,604,46,1,0.08,0.00,0.08,0.00,0.00,0.00,0.00
,ANTONIO RÜDIGER,REAL MADRID,0,11,71,34,37,1032,878,66,1,0.00,0.00,0.00,0.00,0.00,0.00,0.00
,ANTONIO SIVERA,DEPORTIVO ALAVÉS,0,1,7,5,2,404,91,125,0,0.00,0.00,0.00,0.00,0.00,0.00,0.00
,ANTONIO SÁNCHEZ,RCD MALLORCA,0,13,49,41,8,216,148,11,1,0.00,0.00,0.00,0.00,0.00,0.00,0.00
,ANTONIU ROCA,RCD ESPANYOL DE BARCELONA,0,3,13,13,0,13,5,0,0,0.00,0.00,0.00,0.00,0.00,0.00,0.00
,ANUAR TUHAMI,REAL VALLADOLID CF,0,8,56,35,21,80,52,4,1,0.33,0.00,0.33,0.00,0.33,0.00,0.00
,ARDA GÜLER,REAL MADRID,7,11,65,55,10,222,192,6,2,0.00,0.00,0.00,0.00,0.00,0.00,0.00
,ARIDANE HERNÁNDEZ,RAYO VALLECANO,0,2,11,4,7,58,48,5,0,0.00,0.00,0.00,0.00,0.00,0.00,0.00
,ARITZ ARAMBARRI,SD EIBAR,0,1,15,1,14,67,48,1,0,0.00,0.00,0.00,0.00,0.00,0.00,0.00
,ARITZ ELUSTONDO,REAL SOCIEDAD,0,6,26,17,9,187,149,10,0,0.00,0.00,0.00,0.00,0.00,0.00,0.00
,ARNAU MARTÍNEZ,GIRONA FC,1,18,75,55,20,640,557,20,3,0.25,0.00,0.25,0.00,0.00,0.25,0.00
,ARNAU RAFÚS,REAL VALLADOLID CF,0,0,0,0,0,0,0,0,0,0.00,0.00,0.00,0.00,0.00,0.00,0.00
,ANDRÉ FILIPE MAGALHÃES RIBEIRO FERREIRA,REAL VALLADOLID CF,0,0,0,0,0,0,0,0,0,0.00,0.00,0.00,0.00,0.00,0.00,0.00
,ANDRÉS CUENCA,FC BARCELONA,0,0,0,0,0,0,0,0,0,0.00,0.00,0.00,0.00,0.00,0.00,0.00
,ANSU FATI,FC BARCELONA,0,1,15,10,5,62,53,0,2,0.00,0.00,0.00,0.00,0.00,0.00,0.00
,ANTE BUDIMIR,CA OSASUNA,0,8,180,61,119,172,98,0,1,0.29,0.00,0.29,0.19,0.00,0.10,0.00
,ANTOINE GRIEZMANN,ATLÉTICO DE MADRID,36,12,82,65,17,581,422,27,5,0.33,0.07,0.27,0.33,0.00,0.00,0.07
,ANTONIO BLANCO,DEPORTIVO ALAVÉS,0,25,112,92,20,368,262,29,3,0.00,0.00,0.00,0.00,0.00,0.00,0.00
,ANTONIO ESPIGARES,VILLARREAL CF,0,0,0,0,0,0,0,0,0,0.00,0.00,0.00,0.00,0.00,0.00,0.00
,ANTONIO GOMIS,ATLÉTICO DE MADRID,0,0,0,0,0,0,0,0,0,0.00,0.00,0.00,0.00,0.00,0.00,0.00
,ANTONIO RAÍLLO,RCD MALLORCA,0,14,141,49,92,753,604,46,1,0.08,0.00,0.08,0.00,0.00,0.00,0.00
,ANTONIO RÜDIGER,REAL MADRID,0,11,71,34,37,1032,878,66,1,0.00,0.00,0.00,0.00,0.00,0.00,0.00
,ANTONIO SIVERA,DEPORTIVO ALAVÉS,0,1,7,5,2,404,91,125,0,0.00,0.00,0.00,0.00,0.00,0.00,0.00
,ANTONIO SÁNCHEZ,RCD MALLORCA,0,13,49,41,8,216,148,11,1,0.00,0.00,0.00,0.00,0.00,0.00,0.00
,ANTONIU ROCA,RCD ESPANYOL DE BARCELONA,0,3,13,13,0,13,5,0,0,0.00,0.00,0.00,0.00,0.00,0.00,0.00
,ANUAR TUHAMI,REAL VALLADOLID CF,0,8,56,35,21,80,52,4,1,0.33,0.00,0.33,0.00,0.33,0.00,0.00
,ARDA GÜLER,REAL MADRID,7,11,65,55,10,222,192,6,2,0.00,0.00,0.00,0.00,0.00,0.00,0.00
,ARIDANE HERNÁNDEZ,RAYO VALLECANO,0,2,11,4,7,58,48,5,0,0.00,0.00,0.00,0.00,0.00,0.00,0.00
,ARITZ ARAMBARRI,SD EIBAR,0,1,15,1,14,67,48,1,0,0.00,0.00,0.00,0.00,0.00,0.00,0.00
,ARITZ ELUSTONDO,REAL SOCIEDAD,0,6,26,17,9,187,149,10,0,0.00,0.00,0.00,0.00,0.00,0.00,0.00
,ARNAU MARTÍNEZ,GIRONA FC,1,18,75,55,20,640,557,20,3,0.25,0.00,0.25,0.00,0.00,0.25,0.00
,ARNAU RAFÚS,REAL VALLADOLID CF,0,0,0,0,0,0,0,0,0,0.00,0.00,0.00,0.00,0.00,0.00,0.00
