,NOMBRE,EQUIPO,T,DAP,ASI,RE,RF,G,GDDA,GFDA,GCPI,GCPD,GDP,CG,GBP,GPP
,ABDE EZZALZOULI,REAL BETIS,31,13,0,32,26,1,1,0,0.00,0.03,0,0.00,0,0
,ABDE REBBACH,DEPORTIVO ALAVÉS,3,1,0,3,9,0,0,0,0.00,0.00,0,0.00,0,0
,ABDEL ABQAR,DEPORTIVO ALAVÉS,3,1,1,1,1,0,0,0,0.00,0.00,0,0.00,0,0
,ABDOULAYE KEITA,GETAFE CF,0,0,0,0,0,0,0,0,0.00,0.00,0,0.00,0,0
,ABDUL MUMIN,RAYO VALLECANO,4,1,1,1,2,1,1,0,0.25,0.00,0,0.00,0,0
,ABDÓN PRATS,RCD MALLORCA,8,5,0,0,0,2,2,0,0.13,0.00,1,0.13,0,0
,ABEL BRETONES,CA OSASUNA,4,3,0,5,6,2,1,1,0.50,0.00,0,0.00,0,0
,ABEL RUIZ,GIRONA FC,10,5,0,5,8,2,2,0,0.00,0.20,1,0.00,0,0
,ABOUBACAR BASSINGA,CD MIRANDÉS,0,0,0,0,0,0,0,0,0.00,0.00,0,0.00,0,0
,ADAMA BOIRO,ATHLETIC CLUB,0,0,0,3,4,0,0,0,0.00,0.00,0,0.00,0,0
,ADNAN JANUZAJ,UD LAS PALMAS,3,1,1,4,10,0,0,0,0.00,0.00,0,0.00,0,0
,ADRI EMBARBA,RAYO VALLECANO,11,3,1,8,11,0,0,0,0.00,0.00,0,0.00,0,0
,ADRIÀ ALTI,CD LEGANÉS,2,0,0,6,6,0,0,0,0.00,0.00,0,0.00,0,0
,ADRIÀ PEDROSA,SEVILLA FC,4,1,1,7,9,0,0,0,0.00,0.00,0,0.00,0,0
,ADRIÁN SAN MIGUEL DEL CASTILLO,REAL BETIS,0,0,0,0,0,0,0,0,0.00,0.00,0,0.00,0,0
,ADRIÁN HERNÁNDEZ HERNÁNDEZ,DEPORTIVO ALAVÉS,2,1,0,1,0,0,0,0,0.00,0.00,0,0.00,0,0
,ADRIÁN RODRÍGUEZ,DEPORTIVO ALAVÉS,0,0,0,0,0,0,0,0,0.00,0.00,0,0.00,0,0
,MALCOM ABDULAI ARES DJALÓ,REAL ZARAGOZA,0,0,0,0,1,0,0,0,0.00,0.00,0,0.00,0,0
,AIHEN MUÑOZ,REAL SOCIEDAD,0,0,0,2,2,0,0,0,0.00,0.00,0,0.00,0,0
,AIMAR OROZ,CA OSASUNA,12,6,0,15,11,1,1,0,0.08,0.00,0,0.00,0,0
,ÁLVARO CORTÉS,FC BARCELONA,0,0,0,0,0,0,0,0,0.00,0.00,0,0.00,0,0
,ÁLVARO DJALÓ DIAS FERNANDES,ATHLETIC CLUB,9,3,0,8,10,1,1,0,0.00,0.00,0,0.11,0,0
,ÁLVARO FERNÁNDEZ,SEVILLA FC,0,0,0,0,0,0,0,0,0.00,0.00,0,0.00,0,0
,ÁLVARO GARCÍA,RAYO VALLECANO,14,3,0,4,5,1,1,0,0.00,0.07,0,0.00,0,0
,ÁLVARO KILLANE,UD LAS PALMAS,0,0,0,0,0,0,0,0,0.00,0.00,0,0.00,0,0
,ÁLVARO ODRIOZOLA,REAL SOCIEDAD,0,0,0,0,0,0,0,0,0.00,0.00,0,0.00,0,0
,ÁLVARO RODRÍGUEZ,GETAFE CF,6,3,0,4,4,1,1,0,0.17,0.00,0,0.00,0,0
,ÁLVARO TEJERO,RCD ESPANYOL DE BARCELONA,7,2,2,2,8,1,0,1,0.00,0.14,0,0.00,1,0
,ÁNGEL CORREA,ATLÉTICO DE MADRID,10,5,1,10,8,2,2,0,0.00,0.20,0,0.00,0,0
,ÁNGEL FORTUÑO,RCD ESPANYOL DE BARCELONA,0,0,0,0,0,0,0,0,0.00,0.00,0,0.00,0,0
,ÁRON YAAKOBISHVILI,FC BARCELONA,0,0,0,0,0,0,0,0,0.00,0.00,0,0.00,0,0
,ÉDER GABRIEL MILITÃO,REAL MADRID,7,3,1,5,3,1,1,0,0.00,0.14,0,0.00,0,0
,ÍÑIGO LEKUE,ATHLETIC CLUB,0,0,0,1,2,0,0,0,0.00,0.00,0,0.00,0,0
,ÍÑIGO RUÍZ DE GALARRETA,ATHLETIC CLUB,1,0,1,6,0,0,0,0,0.00,0.00,0,0.00,0,0
,ÓSCAR DE MARCOS,ATHLETIC CLUB,1,0,4,1,6,0,0,0,0.00,0.00,0,0.00,0,0
,ÓSCAR MINGUEZA,RC CELTA,10,3,5,12,13,2,1,1,0.00,0.20,0,0.00,1,0
,ÓSCAR RODRÍGUEZ,CD LEGANÉS,8,3,2,6,6,1,1,0,0.00,0.00,0,0.13,0,0
,ÓSCAR TREJO,RAYO VALLECANO,2,0,0,4,6,0,0,0,0.00,0.00,0,0.00,0,0
,ÓSCAR VALENTÍN,RAYO VALLECANO,2,1,0,3,1,0,0,0,0.00,0.00,0,0.00,0,0
,ØRJAN NYLAND,SEVILLA FC,0,0,0,0,0,0,0,0,0.00,0.00,0,0.00,0,0
,WILLY KAMBWALA,VILLARREAL CF,0,0,0,0,0,0,0,0,0.00,0.00,0,0.00,0,0
,WOJCIECH SZCZESNY,FC BARCELONA,0,0,0,0,0,0,0,0,0.00,0.00,0,0.00,0,0
,YANGEL HERRERA,GIRONA FC,13,5,1,7,3,2,2,0,0.00,0.00,0,0.15,0,0
,YAREK GASIOROWSKI,VALENCIA CF,1,0,0,0,0,0,0,0,0.00,0.00,0,0.00,0,0
,JESÚS SANTIAGO PÉREZ,GETAFE CF,0,0,0,0,4,0,0,0,0.00,0.00,0,0.00,0,0
,YERAY ÁLVAREZ,ATHLETIC CLUB,3,1,0,2,2,0,0,0,0.00,0.00,0,0.00,0,0
,YEREMY PINO,VILLARREAL CF,4,0,3,8,5,0,0,0,0.00,0.00,0,0.00,0,0
,YOUSSOUF SABALY,REAL BETIS,2,0,0,7,7,0,0,0,0.00,0.00,0,0.00,0,0
,YURI BERCHICHE,ATHLETIC CLUB,5,3,0,4,3,0,0,0,0.00,0.00,0,0.00,0,0
,YVAN NEYOU,CD LEGANÉS,4,1,1,9,8,1,1,0,0.00,0.25,0,0.00,0,0
,YÁSER ASPRILLA,GIRONA FC,5,1,0,9,9,1,0,1,0.20,0.00,0,0.00,0,0
,ÁLEX BAENA,VILLARREAL CF,17,7,5,7,9,3,3,0,0.12,0.06,0,0.00,0,0
,ÁLEX GIL,,0,0,0,0,0,0,0,0,0.00,0.00,0,0.00,0,0
,ÁLEX MUÑOZ,UD LAS PALMAS,7,5,0,1,5,3,3,0,0.14,0.14,0,0.14,0,0
,ÁLEX REMIRO,REAL SOCIEDAD,0,0,0,0,0,0,0,0,0.00,0.00,0,0.00,0,0
,ÁLEX SOLA,GETAFE CF,8,2,1,19,31,0,0,0,0.00,0.00,0,0.00,0,0
,ÁLEX SUÁREZ,UD LAS PALMAS,1,1,0,0,0,0,0,0,0.00,0.00,0,0.00,0,1
,ÁLEX VALLE,,0,0,0,0,0,0,0,0,0.00,0.00,0,0.00,0,0
,ÁLVARO ACEVES,REAL VALLADOLID CF,0,0,0,0,0,0,0,0,0.00,0.00,0,0.00,0,0
,ÁLVARO AGUADO,RCD ESPANYOL DE BARCELONA,4,0,0,3,1,0,0,0,0.00,0.00,0,0.00,0,0
,UNAI MARRERO,REAL SOCIEDAD,0,0,0,0,0,0,0,0,0.00,0.00,0,0.00,0,0
,UNAI NÚÑEZ,ATHLETIC CLUB,1,0,0,1,0,0,0,0,0.00,0.00,0,0.00,0,0
,UNAI SIMÓN,ATHLETIC CLUB,0,0,0,0,0,0,0,0,0.00,0.00,0,0.00,0,0
,URKO GONZÁLEZ,REAL SOCIEDAD,0,0,0,0,0,0,0,0,0.00,0.00,0,0.00,0,0
,VALENTIN ROSIER,CD LEGANÉS,3,1,1,8,5,0,0,0,0.00,0.00,0,0.00,0,0
,VALENTÍN BARCO,SEVILLA FC,5,0,0,3,9,0,0,0,0.00,0.00,0,0.00,0,0
,VALENTÍN PEZZOLESI,UD LAS PALMAS,0,0,0,0,0,0,0,0,0.00,0.00,0,0.00,0,0
,VALERY FERNÁNDEZ,RCD MALLORCA,3,3,0,0,4,2,2,0,0.33,0.33,0,0.00,0,0
,VEDAT MURIQI,RCD MALLORCA,25,10,1,3,8,3,3,0,0.04,0.00,0,0.08,0,0
,VICENTE GUAITA,RC CELTA,0,0,0,0,0,0,0,0,0.00,0.00,0,0.00,0,0
,VIKTOR TSYHANKOV,GIRONA FC,7,3,1,5,3,1,1,0,0.14,0.00,0,0.00,0,0
,VINÍCIUS JOSÉ PAIXÃO DE OLIVEIRA JÚNIOR,REAL MADRID,26,11,5,38,46,8,7,1,0.08,0.23,2,0.00,0,0
,VITI ROZADA,UD LAS PALMAS,0,0,1,2,2,0,0,0,0.00,0.00,0,0.00,0,0
,VITOR HUGO ROQUE FERREIRA,REAL BETIS,22,15,0,6,11,3,3,0,0.00,0.14,0,0.00,0,0
,VÍCTOR MESEGUER,REAL VALLADOLID CF,2,0,0,1,2,0,0,0,0.00,0.00,0,0.00,0,0
,VÍCTOR PUIG,UD LAS PALMAS,0,0,0,0,0,0,0,0,0.00,0.00,0,0.00,0,0
,WALID CHEDDIRA,RCD ESPANYOL DE BARCELONA,5,2,1,3,10,1,1,0,0.20,0.00,0,0.00,0,0
,WARREN MADRIGAL,VALENCIA CF,0,0,0,0,0,0,0,0,0.00,0.00,0,0.00,0,0
,WILLIAM SILVA DE CARVALHO,REAL BETIS,2,1,0,3,1,0,0,0,0.00,0.00,0,0.00,0,0
,WILLIOT SWEDBERG,RC CELTA,13,7,3,3,9,2,1,1,0.00,0.15,0,0.00,0,0
,SÉBASTIEN HALLER,CD LEGANÉS,3,1,0,1,2,0,0,0,0.00,0.00,0,0.00,0,0
,TADEO ALLENDE,RC CELTA,0,0,0,0,1,0,0,0,0.00,0.00,0,0.00,0,0
,TAKEFUSA KUBO,REAL SOCIEDAD,13,7,0,29,29,3,3,0,0.23,0.00,0,0.00,0,0
,TAKUMA ASANO,RCD MALLORCA,8,3,0,3,5,0,0,0,0.00,0.00,0,0.00,0,0
,TANGUY NIANZOU,SEVILLA FC,2,0,0,3,0,0,0,0,0.00,0.00,0,0.00,0,1
,TASOS DOUVIKAS,RC CELTA,14,8,0,4,7,3,3,0,0.00,0.14,0,0.07,0,0
,THIBAUT COURTOIS,REAL MADRID,0,0,0,0,1,0,0,0,0.00,0.00,0,0.00,0,1
,THIERNO BARRY,VILLARREAL CF,29,10,2,3,10,4,4,0,0.03,0.00,0,0.10,0,0
,THIERRY RENDALL CORREIA,VALENCIA CF,7,3,0,8,12,0,0,0,0.00,0.00,0,0.00,0,0
,THOMAS LEMAR,ATLÉTICO DE MADRID,0,0,0,0,1,0,0,0,0.00,0.00,0,0.00,0,0
,TOMÁS CONECHNY,DEPORTIVO ALAVÉS,11,7,0,0,3,1,1,0,0.00,0.00,0,0.09,0,0
,TONI FERNÁNDEZ,FC BARCELONA,0,0,0,0,0,0,0,0,0.00,0.00,0,0.00,0,0
,ANTONIO LATORRE GRUESO,RCD MALLORCA,0,0,0,0,3,0,0,0,0.00,0.00,0,0.00,0,0
,TONI MARTÍNEZ,DEPORTIVO ALAVÉS,18,9,0,3,1,3,1,2,0.06,0.11,0,0.00,0,0
,LAUREANO ANTONIO VILLA SUÁREZ,SD EIBAR,0,0,0,0,0,0,0,0,0.00,0.00,0,0.00,0,0
,UMAR SADIQ,REAL SOCIEDAD,2,0,0,5,4,0,0,0,0.00,0.00,0,0.00,0,0
,UNAI EGILUZ,CD MIRANDÉS,0,0,0,0,0,0,0,0,0.00,0.00,0,0.00,0,0
,UNAI GARCÍA,CA OSASUNA,0,0,0,0,0,0,0,0,0.00,0.00,0,0.00,0,0
,UNAI GÓMEZ,ATHLETIC CLUB,4,0,1,7,7,0,0,0,0.00,0.00,0,0.00,0,0
,UNAI LÓPEZ,RAYO VALLECANO,6,5,0,4,0,2,1,1,0.00,0.33,0,0.00,0,0
,SERGI DARDER,RCD MALLORCA,7,4,1,10,12,0,0,0,0.00,0.00,0,0.00,0,0
,SERGI DOMÍNGUEZ,FC BARCELONA,0,0,0,0,0,0,0,0,0.00,0.00,0,0.00,0,0
,SERGI GUARDIOLA,RAYO VALLECANO,1,0,0,0,0,0,0,0,0.00,0.00,0,0.00,0,0
,SERGI GÓMEZ,RCD ESPANYOL DE BARCELONA,1,1,0,0,0,0,0,0,0.00,0.00,0,0.00,0,0
,SERGIO CAMELLO,RAYO VALLECANO,15,6,0,7,6,2,2,0,0.13,0.00,0,0.00,0,0
,SERGIO CARREIRA,RC CELTA,0,0,0,2,3,0,0,0,0.00,0.00,0,0.00,0,0
,SERGIO GONZÁLEZ,CD LEGANÉS,4,2,0,2,0,1,1,0,0.00,0.00,0,0.25,0,1
,SERGIO GÓMEZ,REAL SOCIEDAD,6,5,3,10,11,0,0,0,0.00,0.00,0,0.00,0,0
,SERGIO HERRERA,CA OSASUNA,0,0,0,0,0,0,0,0,0.00,0.00,0,0.00,0,0
,SERGIO MESTRE,REAL MADRID,0,0,0,0,0,0,0,0,0.00,0.00,0,0.00,0,0
,SEYDOUBA CISSÉ,CD LEGANÉS,3,0,0,13,6,0,0,0,0.00,0.00,0,0.00,0,0
,SHERALDO BECKER,REAL SOCIEDAD,13,8,0,3,1,1,1,0,0.00,0.08,0,0.00,0,0
,SIEBE VAN DER HEYDEN,RCD MALLORCA,0,0,0,0,0,0,0,0,0.00,0.00,0,0.00,0,0
,SILVI CLUA,GIRONA FC,1,1,0,2,2,0,0,0,0.00,0.00,0,0.00,0,0
,STANIS IDUMBO MUZAMBO,SEVILLA FC,1,1,0,4,2,1,1,0,0.00,1.00,0,0.00,0,0
,STANKO JURIC,REAL VALLADOLID CF,3,1,0,4,0,0,0,0,0.00,0.00,0,0.00,0,0
,STIPE BIUK,,0,0,0,0,0,0,0,0,0.00,0.00,0,0.00,0,0
,JUAN DIEGO MOLINA MARTÍNEZ,DEPORTIVO ALAVÉS,6,2,1,6,9,0,0,0,0.00,0.00,0,0.00,0,0
,STOLE DIMITRIEVSKI,VALENCIA CF,0,0,0,0,0,0,0,0,0.00,0.00,0,0.00,0,0
,JESÚS JOAQUÍN FERNÁNDEZ SÁENZ DE LA TORRE,SEVILLA FC,2,1,0,7,7,0,0,0,0.00,0.00,0,0.00,0,0
,RODRIGO RIQUELME,ATLÉTICO DE MADRID,7,4,0,4,12,0,0,0,0.00,0.00,0,0.00,0,0
,RODRYGO SILVA DE GOES,REAL MADRID,12,8,1,19,17,3,3,0,0.00,0.25,0,0.00,0,0
,ROMAIN PERRAUD,REAL BETIS,6,2,0,7,6,0,0,0,0.00,0.00,0,0.00,0,0
,RUBÉN GARCÍA,CA OSASUNA,5,3,2,3,8,1,1,0,0.00,0.20,0,0.00,0,0
,RUBÉN GÓMEZ,VILLARREAL CF,0,0,0,0,0,0,0,0,0.00,0.00,0,0.00,0,0
,RUBÉN PEÑA,CA OSASUNA,7,2,0,6,10,0,0,0,0.00,0.00,0,0.00,0,0
,RUI TIAGO DANTAS DA SILVA,REAL BETIS,0,0,0,0,0,0,0,0,0.00,0.00,0,0.00,0,0
,SALVI SÁNCHEZ,RCD ESPANYOL DE BARCELONA,0,0,0,0,0,0,0,0,0.00,0.00,0,0.00,0,0
,SAMUEL DIAS LINO,ATLÉTICO DE MADRID,13,7,1,10,8,0,0,0,0.00,0.00,0,0.00,0,0
,SAMUEL DE ALMEIDA COSTA,RCD MALLORCA,12,6,2,4,6,0,0,0,0.00,0.00,0,0.00,0,0
,SANDRO RAMÍREZ,UD LAS PALMAS,10,7,2,6,5,4,3,1,0.10,0.30,0,0.00,1,0
,SANTI COMESAÑA,VILLARREAL CF,6,2,2,5,7,2,2,0,0.33,0.00,0,0.00,0,0
,SANTIAGO MOURIÑO,DEPORTIVO ALAVÉS,3,2,0,2,1,0,0,0,0.00,0.00,0,0.00,0,0
,SAÚL ÑÍGUEZ,SEVILLA FC,8,3,2,2,3,0,0,0,0.00,0.00,0,0.00,0,0
,SCOTT MCKENNA,UD LAS PALMAS,2,0,0,1,0,0,0,0,0.00,0.00,0,0.00,0,1
,SEBAS WADE,RCD MALLORCA,0,0,0,0,0,0,0,0,0.00,0.00,0,0.00,0,0
,SELIM AMALLAH,REAL VALLADOLID CF,14,6,1,15,11,2,2,0,0.00,0.14,1,0.00,0,0
,SERGI ALTIMIRA,REAL BETIS,9,1,1,7,1,0,0,0,0.00,0.00,0,0.00,0,0
,SERGI CANÓS,VALENCIA CF,7,3,0,1,7,0,0,0,0.00,0.00,0,0.00,0,0
,SERGI CARDONA,VILLARREAL CF,10,3,1,5,7,1,1,0,0.10,0.00,0,0.00,0,0
,RAPHAEL DIAS BELLOLI,FC BARCELONA,40,25,6,22,20,11,10,1,0.25,0.03,1,0.00,0,0
,RAÚL ASENCIO DEL ROSARIO,REAL MADRID,0,0,1,2,0,0,0,0,0.00,0.00,0,0.00,0,0
,RAÚL ALBIOL,VILLARREAL CF,0,0,0,0,0,0,0,0,0.00,0.00,0,0.00,0,1
,RAÚL CHASCO,REAL VALLADOLID CF,0,0,0,0,2,0,0,0,0.00,0.00,0,0.00,0,0
,RAÚL GARCÍA,CA OSASUNA,5,3,0,6,1,1,0,1,0.00,0.20,0,0.00,0,0
,RAÚL JIMÉNEZ,VALENCIA CF,0,0,0,0,0,0,0,0,0.00,0.00,0,0.00,0,0
,RAÚL MARTÍNEZ,GIRONA FC,0,0,0,0,0,0,0,0,0.00,0.00,0,0.00,0,0
,RAÚL MORO,REAL VALLADOLID CF,11,6,1,29,32,3,2,1,0.00,0.18,0,0.09,0,0
,RAÚL DE TOMÁS,RAYO VALLECANO,0,0,0,0,0,0,0,0,0.00,0.00,0,0.00,0,0
,REINILDO ISNARD MANDAVA,ATLÉTICO DE MADRID,1,1,0,2,3,0,0,0,0.00,0.00,0,0.00,0,0
,RENATO TAPIA,CD LEGANÉS,4,3,0,4,6,1,0,1,0.00,0.25,0,0.00,0,0
,RICARD ARTERO,GIRONA FC,0,0,0,0,0,0,0,0,0.00,0.00,0,0.00,0,0
,RICARDO RODRÍGUEZ,REAL BETIS,0,0,0,3,0,0,0,0,0.00,0.00,0,0.00,0,0
,ROBERT LEWANDOWSKI,FC BARCELONA,40,27,2,14,6,15,14,1,0.05,0.28,2,0.05,0,0
,ROBERT NAVARRO,RCD MALLORCA,10,5,0,20,13,1,1,0,0.00,0.10,0,0.00,0,0
,ROBERTO LÓPEZ,CD LEGANÉS,4,0,1,2,2,0,0,0,0.00,0.00,0,0.00,0,0
,ROBIN LE NORMAND,ATLÉTICO DE MADRID,3,0,0,1,0,0,0,0,0.00,0.00,0,0.00,0,0
,RODRIGO SÁNCHEZ RODRÍGUEZ,,2,2,0,2,4,0,0,0,0.00,0.00,0,0.00,0,0
,RODRIGO ABAJAS,VALENCIA CF,1,0,0,1,0,0,0,0,0.00,0.00,0,0.00,0,0
,RODRIGO DE PAUL,ATLÉTICO DE MADRID,2,1,3,4,4,1,1,0,0.00,0.50,0,0.00,0,0
,PEDRO GONZÁLEZ LÓPEZ,FC BARCELONA,9,6,2,11,8,3,2,1,0.22,0.11,0,0.00,0,0
,PEDRO DÍAZ,RAYO VALLECANO,2,0,0,1,0,0,0,0,0.00,0.00,0,0.00,0,0
,PEDRO ORTIZ,SEVILLA FC,0,0,0,0,0,0,0,0,0.00,0.00,0,0.00,0,0
,PEIO CANALES,ATHLETIC CLUB,1,0,0,0,1,0,0,0,0.00,0.00,0,0.00,0,0
,FRANCISCO JESÚS CRESPO GARCÍA,UD LAS PALMAS,1,0,0,0,0,0,0,0,0.00,0.00,0,0.00,0,0
,PELAYO FERNÁNDEZ,RAYO VALLECANO,0,0,0,0,0,0,0,0,0.00,0.00,0,0.00,0,0
,PEP CHAVARRÍA,RAYO VALLECANO,3,1,1,1,4,0,0,0,0.00,0.00,0,0.00,0,0
,JOSÉ LUIS GARCÍA VAYÁ,VALENCIA CF,7,4,2,1,1,1,1,0,0.00,0.14,1,0.00,0,0
,GERARD FERNÁNDEZ CASTELLANO,SEVILLA FC,3,2,0,4,8,0,0,0,0.00,0.00,0,0.00,0,0
,PERE GARCÍA,RCD MALLORCA,0,0,0,0,0,0,0,0,0.00,0.00,0,0.00,0,0
,PERE MILLA,RCD ESPANYOL DE BARCELONA,2,1,0,1,2,0,0,0,0.00,0.00,0,0.00,0,0
,PETER FEDERICO GONZÁLEZ CARMONA,GETAFE CF,3,1,0,1,6,0,0,0,0.00,0.00,0,0.00,0,0
,POL LOZANO,RCD ESPANYOL DE BARCELONA,0,0,0,0,2,0,0,0,0.00,0.00,0,0.00,0,0
,POL TRISTÁN,RCD ESPANYOL DE BARCELONA,0,0,0,0,0,0,0,0,0.00,0.00,0,0.00,0,0
,CRISTIAN PORTUGUÉS MANZANERA,GIRONA FC,0,0,1,1,1,0,0,0,0.00,0.00,0,0.00,0,0
,RAFA MIR,VALENCIA CF,3,0,1,0,4,0,0,0,0.00,0.00,0,0.00,0,0
,RAFAEL BAUZA,RCD ESPANYOL DE BARCELONA,1,0,0,1,1,0,0,0,0.00,0.00,0,0.00,0,0
,RAMON TERRATS,VILLARREAL CF,0,0,0,1,5,0,0,0,0.00,0.00,0,0.00,0,0
,RAMÓN MARTÍNEZ,SEVILLA FC,0,0,0,0,0,0,0,0,0.00,0.00,0,0.00,0,0
,RANDY NTEKA,RAYO VALLECANO,6,3,0,0,3,1,1,0,0.17,0.00,0,0.00,0,0
,ORIOL ROMEU,GIRONA FC,0,0,0,2,2,0,0,0,0.00,0.00,0,0.00,0,0
,ORRI ÓSKARSSON,REAL SOCIEDAD,7,3,0,0,1,2,2,0,0.14,0.14,0,0.00,0,0
,PABLO BARRIOS,ATLÉTICO DE MADRID,11,2,1,7,4,0,0,0,0.00,0.00,0,0.00,0,0
,PABLO BUSTO,REAL BETIS,0,0,0,0,0,0,0,0,0.00,0.00,0,0.00,0,0
,PABLO DURÁN,RC CELTA,1,0,1,2,1,0,0,0,0.00,0.00,0,0.00,0,0
,PABLO FORNALS,REAL BETIS,10,3,0,5,12,1,1,0,0.00,0.10,0,0.00,0,0
,PABLO IBÁÑEZ,CA OSASUNA,7,2,1,3,2,0,0,0,0.00,0.00,0,0.00,0,0
,PABLO MAFFEO,RCD MALLORCA,3,1,1,17,10,0,0,0,0.00,0.00,0,0.00,0,0
,PABLO MARÍN,REAL SOCIEDAD,0,0,0,3,0,0,0,0,0.00,0.00,0,0.00,0,0
,PABLO RIVERA,SEVILLA FC,0,0,0,0,0,0,0,0,0.00,0.00,0,0.00,0,0
,PABLO TORRE,FC BARCELONA,3,3,1,2,3,3,1,2,0.33,0.67,0,0.00,1,0
,PAPA DAME BA,GIRONA FC,0,0,0,1,1,0,0,0,0.00,0.00,0,0.00,0,0
,PAPE GUEYE,VILLARREAL CF,14,5,0,0,5,0,0,0,0.00,0.00,0,0.00,0,0
,PATHÉ CISS,RAYO VALLECANO,3,0,1,5,4,0,0,0,0.00,0.00,0,0.00,0,0
,PAU CABANES,VILLARREAL CF,0,0,0,0,2,0,0,0,0.00,0.00,0,0.00,0,0
,PAU CUBARSÍ,FC BARCELONA,5,0,1,4,0,0,0,0,0.00,0.00,0,0.00,0,0
,PAU LÓPEZ,GIRONA FC,0,0,0,0,0,0,0,0,0.00,0.00,0,0.00,0,0
,PAU NAVARRO,VILLARREAL CF,0,0,0,1,2,0,0,0,0.00,0.00,0,0.00,0,0
,PAU VÍCTOR,FC BARCELONA,6,4,1,7,3,2,1,1,0.17,0.17,0,0.00,0,0
,PAULO GAZZANIGA,GIRONA FC,0,0,0,1,1,0,0,0,0.00,0.00,0,0.00,0,0
,NACHO VIDAL,CA OSASUNA,0,0,0,2,0,0,0,0,0.00,0.00,0,0.00,0,0
,NACI ÜNÜVAR,RCD ESPANYOL DE BARCELONA,1,0,0,0,1,0,0,0,0.00,0.00,0,0.00,0,0
,NAHUEL MOLINA,ATLÉTICO DE MADRID,3,1,1,7,6,0,0,0,0.00,0.00,0,0.00,0,0
,NAHUEL TENAGLIA,DEPORTIVO ALAVÉS,7,2,1,6,4,1,1,0,0.00,0.00,0,0.14,0,0
,NAIM GARCÍA,CD LEGANÉS,0,0,0,0,0,0,0,0,0.00,0.00,0,0.00,0,0
,NATAN BERNARDO DE SOUZA,REAL BETIS,2,1,0,0,0,0,0,0,0.00,0.00,0,0.00,0,0
,NAYEF AGUERD,REAL SOCIEDAD,10,4,0,1,1,0,0,0,0.00,0.00,0,0.00,0,0
,NEMANJA GUDELJ,SEVILLA FC,6,2,0,3,1,0,0,0,0.00,0.00,0,0.00,0,0
,NICO SERRANO,ATHLETIC CLUB,1,0,0,3,4,0,0,0,0.00,0.00,0,0.00,0,0
,NICHOLAS WILLIAMS ARTHUER,ATHLETIC CLUB,18,8,3,34,48,1,1,0,0.00,0.06,0,0.00,0,0
,NICOLAS PÉPÉ,VILLARREAL CF,18,10,2,12,10,1,1,0,0.00,0.06,0,0.00,0,0
,NOAH DARVICH,FC BARCELONA,0,0,0,0,0,0,0,0,0.00,0.00,0,0.00,0,0
,NOBEL MENDY,REAL BETIS,0,0,0,0,0,0,0,0,0.00,0.00,0,0.00,0,0
,OIER GASTESI,ATHLETIC CLUB,0,0,0,0,0,0,0,0,0.00,0.00,0,0.00,0,0
,OIHAN SANCET,ATHLETIC CLUB,16,9,0,11,10,7,5,2,0.06,0.31,1,0.06,0,0
,OLIVER MCBURNIE,UD LAS PALMAS,10,4,3,7,6,0,0,0,0.00,0.00,0,0.00,0,0
,OMAR ALDERETE,GETAFE CF,14,6,0,6,5,0,0,0,0.00,0.00,0,0.00,0,0
,OMAR EL HILALI,RCD ESPANYOL DE BARCELONA,0,0,0,7,3,0,0,0,0.00,0.00,0,0.00,0,0
,OMAR MASCARELL,RCD MALLORCA,2,1,0,4,1,0,0,0,0.00,0.00,0,0.00,0,0
,OMAR SADIK,RCD ESPANYOL DE BARCELONA,0,0,0,0,0,0,0,0,0.00,0.00,0,0.00,0,0
,MATEO FLORES,REAL BETIS,0,0,0,0,0,0,0,0,0.00,0.00,0,0.00,0,0
,MATEO MEJÍA,SEVILLA FC,0,0,0,0,0,0,0,0,0.00,0.00,0,0.00,0,0
,MATEU MOREY,RCD MALLORCA,0,0,0,2,1,0,0,0,0.00,0.00,0,0.00,0,0
,MATIJA NASTASIC,CD LEGANÉS,0,0,0,1,0,0,0,0,0.00,0.00,0,0.00,0,0
,MATÍAS ÁRBOL,SEVILLA FC,0,0,0,0,0,0,0,0,0.00,0.00,0,0.00,0,0
,MAURO ARAMBARRI,GETAFE CF,12,5,0,6,6,4,3,1,0.00,0.25,2,0.08,1,0
,MAXIMILIANO CAUFRIEZ,VALENCIA CF,0,0,0,0,0,0,0,0,0.00,0.00,0,0.00,0,0
,MIGUEL GUTIÉRREZ,GIRONA FC,14,7,2,16,19,1,1,0,0.07,0.00,0,0.00,0,0
,MIGUEL DE LA FUENTE,CD LEGANÉS,10,6,1,7,11,1,1,0,0.00,0.10,1,0.00,0,0
,MIGUEL ÁNGEL MORRO,,0,0,0,0,0,0,0,0,0.00,0.00,0,0.00,0,0
,MIHAILO RISTIC,RC CELTA,0,0,0,1,4,0,0,0,0.00,0.00,0,0.00,0,0
,MIKA MÁRMOL,UD LAS PALMAS,2,0,0,2,0,0,0,0,0.00,0.00,0,0.00,0,0
,MIKEL JAUREGIZAR,ATHLETIC CLUB,4,1,0,7,3,1,1,0,0.00,0.25,0,0.00,0,0
,MIKEL OYARZABAL,REAL SOCIEDAD,14,7,1,2,1,3,3,0,0.14,0.00,2,0.07,0,0
,MIKEL VESGA,ATHLETIC CLUB,0,0,0,2,2,0,0,0,0.00,0.00,0,0.00,0,0
,MOI GÓMEZ,CA OSASUNA,0,0,0,8,5,0,0,0,0.00,0.00,0,0.00,0,1
,MOUSSA DIARRA,DEPORTIVO ALAVÉS,0,0,0,3,1,0,0,0,0.00,0.00,0,0.00,0,0
,MUNIR EL HADDADI,CD LEGANÉS,4,2,0,1,7,1,0,1,0.25,0.00,0,0.00,0,0
,NABIL ABERDIN,GETAFE CF,1,0,0,2,1,0,0,0,0.00,0.00,0,0.00,0,0
,NABIL FEKIR,,5,1,1,0,4,0,0,0,0.00,0.00,0,0.00,0,0
,MARC BARTRA,REAL BETIS,7,4,0,3,3,2,2,0,0.00,0.00,0,0.29,0,0
,MARC BERNAL,FC BARCELONA,1,1,0,2,1,0,0,0,0.00,0.00,0,0.00,0,0
,MARC CARDONA,UD LAS PALMAS,1,0,0,0,2,0,0,0,0.00,0.00,0,0.00,0,0
,MARC CASADÓ,FC BARCELONA,5,0,3,2,4,0,0,0,0.00,0.00,0,0.00,0,0
,MARC DOMENECH,RCD MALLORCA,1,1,0,1,0,0,0,0,0.00,0.00,0,0.00,0,0
,MARC ROCA,REAL BETIS,4,0,1,4,1,0,0,0,0.00,0.00,0,0.00,0,0
,MARC VIDAL,RC CELTA,0,0,0,0,0,0,0,0,0.00,0.00,0,0.00,0,0
,MARC-ANDRÉ TER STEGEN,FC BARCELONA,0,0,0,0,0,0,0,0,0.00,0.00,0,0.00,0,0
,MARCO DE LAS SIAS,RAYO VALLECANO,0,0,0,0,0,0,0,0,0.00,0.00,0,0.00,0,0
,MARCOS ALONSO,RC CELTA,4,2,0,3,5,0,0,0,0.00,0.00,0,0.00,0,0
,MARCOS ANDRÉ DE SOUSA MENDONÇA,REAL VALLADOLID CF,2,0,0,3,2,0,0,0,0.00,0.00,0,0.00,0,0
,MARCOS LLORENTE,ATLÉTICO DE MADRID,5,4,2,4,5,2,1,1,0.00,0.40,0,0.00,0,0
,MARCOS DO NASCIMENTO TEIXEIRA,SEVILLA FC,0,0,0,0,1,0,0,0,0.00,0.00,0,0.00,0,0
,MARIO MAROTO,REAL VALLADOLID CF,0,0,1,1,0,0,0,0,0.00,0.00,0,0.00,0,0
,MARIO MARTÍN,REAL VALLADOLID CF,5,4,1,10,5,0,0,0,0.00,0.00,0,0.00,0,0
,MARKO DMITROVIC,CD LEGANÉS,0,0,0,0,0,0,0,0,0.00,0.00,0,0.00,0,0
,MARTIN VALJENT,RCD MALLORCA,2,1,0,2,0,0,0,0,0.00,0.00,0,0.00,0,0
,MARTÍN TEJÓN,VALENCIA CF,1,1,0,2,2,0,0,0,0.00,0.00,0,0.00,0,0
,MARTÍN ZUBIMENDI,REAL SOCIEDAD,10,5,1,12,5,1,1,0,0.10,0.00,0,0.00,0,0
,MARVIN PARK,UD LAS PALMAS,0,0,0,1,2,0,0,0,0.00,0.00,0,0.00,0,0
,LUCAS GARCÍA MADRIGAL,GIRONA FC,0,0,0,0,0,0,0,0,0.00,0.00,0,0.00,0,0
,LUCAS OCAMPOS,,3,2,1,2,5,0,0,0,0.00,0.00,0,0.00,0,0
,LUCAS OLIVEIRA ROSA,REAL VALLADOLID CF,4,2,0,8,8,0,0,0,0.00,0.00,0,0.00,0,0
,LUCAS TORRÓ,CA OSASUNA,4,3,0,2,1,2,2,0,0.00,0.25,0,0.25,0,0
,LUCAS VÁZQUEZ,REAL MADRID,2,1,1,5,3,1,1,0,0.50,0.00,0,0.00,0,0
,LUCIEN AGOUMÉ,SEVILLA FC,1,0,0,10,2,0,0,0,0.00,0.00,0,0.00,0,0
,LUIS MILLA,GETAFE CF,12,4,1,11,7,1,1,0,0.00,0.08,1,0.00,0,0
,LUIS PÉREZ,REAL VALLADOLID CF,3,1,0,3,4,0,0,0,0.00,0.00,0,0.00,0,0
,LUIS RIOJA,VALENCIA CF,7,4,0,11,14,2,1,1,0.29,0.00,1,0.00,0,0
,LUIZ LÚCIO REIS JÚNIOR,VILLARREAL CF,0,0,0,0,0,0,0,0,0.00,0.00,0,0.00,0,0
,LUKA MODRIC,REAL MADRID,4,2,2,4,1,0,0,0,0.00,0.00,0,0.00,0,0
,LUKA ROMERO,DEPORTIVO ALAVÉS,1,0,0,1,1,0,0,0,0.00,0.00,0,0.00,0,0
,LUKA SUCIC,REAL SOCIEDAD,13,5,1,6,6,1,0,1,0.08,0.00,0,0.00,0,0
,MAMADOU SYLLA,REAL VALLADOLID CF,9,3,1,1,2,2,2,0,0.00,0.22,2,0.00,0,0
,MANU BUENO,SEVILLA FC,0,0,0,0,0,0,0,0,0.00,0.00,0,0.00,0,0
,MANU FUSTER,UD LAS PALMAS,4,1,0,1,3,1,0,1,0.00,0.25,0,0.00,0,0
,MANU GONZÁLEZ,REAL BETIS,0,0,0,0,0,0,0,0,0.00,0.00,0,0.00,0,0
,MANU MORLANES,RCD MALLORCA,4,0,0,1,4,0,0,0,0.00,0.00,0,0.00,0,0
,MANU SÁNCHEZ,DEPORTIVO ALAVÉS,2,0,0,3,8,0,0,0,0.00,0.00,0,0.00,0,0
,MARASH KUMBULLA,RCD ESPANYOL DE BARCELONA,3,1,0,1,2,1,1,0,0.00,0.00,0,0.33,0,0
,KIKE BARJA,CA OSASUNA,0,0,0,0,0,0,0,0,0.00,0.00,0,0.00,0,0
,KIKE GARCÍA,DEPORTIVO ALAVÉS,13,8,0,7,6,3,3,0,0.08,0.08,0,0.08,0,0
,KIKE PÉREZ,REAL VALLADOLID CF,10,4,0,3,6,1,1,0,0.10,0.00,0,0.00,0,0
,KIKE SALAS,SEVILLA FC,5,0,0,0,1,0,0,0,0.00,0.00,0,0.00,0,0
,KIKO FEMENÍA,VILLARREAL CF,1,0,1,11,2,0,0,0,0.00,0.00,0,0.00,0,0
,MIN-SU KIM,GIRONA FC,0,0,0,0,2,0,0,0,0.00,0.00,0,0.00,0,0
,KIRIAN RODRÍGUEZ,UD LAS PALMAS,12,5,3,7,5,0,0,0,0.00,0.00,0,0.00,0,0
,JORGE IGLESIAS GONZÁLEZ,REAL VALLADOLID CF,0,0,0,0,0,0,0,0,0.00,0.00,0,0.00,0,0
,JORGE RESURRECCIÓN MERODIO,ATLÉTICO DE MADRID,4,3,0,6,7,1,1,0,0.00,0.25,0,0.00,0,1
,KYLIAN MBAPPÉ,REAL MADRID,45,32,1,37,43,8,6,2,0.02,0.16,3,0.00,0,0
,LADISLAV KREJCÍ,GIRONA FC,5,4,0,0,1,2,1,1,0.40,0.00,0,0.00,0,0
,LALO AGUILAR,ALBACETE BP,0,0,0,0,0,0,0,0,0.00,0.00,0,0.00,0,0
,LAMINE YAMAL NASRAOUI EBANA,FC BARCELONA,36,18,8,40,50,5,3,2,0.11,0.03,0,0.00,0,0
,LEANDRO CABRERA,RCD ESPANYOL DE BARCELONA,4,2,1,0,0,1,1,0,0.25,0.00,0,0.00,0,0
,LEO ROMÁN,RCD MALLORCA,0,0,0,1,0,0,0,0,0.00,0.00,0,0.00,0,0
,LLORENÇ SERRED,RCD ESPANYOL DE BARCELONA,0,0,0,0,0,0,0,0,0.00,0.00,0,0.00,0,0
,LOGAN EVANS COSTA,VILLARREAL CF,6,3,0,0,1,1,1,0,0.00,0.00,0,0.17,0,0
,LORENZO AGUADO HERRERA,REAL MADRID,0,0,0,0,0,0,0,0,0.00,0.00,0,0.00,0,0
,LOÏC BADÉ,SEVILLA FC,5,2,1,8,2,0,0,0,0.00,0.00,0,0.00,0,0
,LUCAS ALCÁZAR,REAL BETIS,0,0,0,0,0,0,0,0,0.00,0.00,0,0.00,0,0
,JUAN CRUZ ÁLVARO ARMADA,CA OSASUNA,3,0,0,1,2,0,0,0,0.00,0.00,0,0.00,0,0
,JUAN HERZOG,UD LAS PALMAS,2,0,0,0,0,0,0,0,0.00,0.00,0,0.00,0,0
,JUAN IGLESIAS,GETAFE CF,6,1,0,6,9,0,0,0,0.00,0.00,0,0.00,0,0
,JUAN MUSSO,ATLÉTICO DE MADRID,0,0,0,0,0,0,0,0,0.00,0.00,0,0.00,0,0
,JUAN SORIANO,CD LEGANÉS,0,0,0,0,0,0,0,0,0.00,0.00,0,0.00,0,1
,JUANLU SÁNCHEZ,SEVILLA FC,3,1,1,1,7,1,1,0,0.00,0.33,0,0.00,0,0
,JUAN MIGUEL JIMÉNEZ LÓPEZ,REAL BETIS,4,1,0,4,1,0,0,0,0.00,0.00,0,0.00,0,0
,JUANMI LATASA,REAL VALLADOLID CF,7,0,0,3,1,0,0,0,0.00,0.00,0,0.00,0,0
,JUAN PEDRO RAMÍREZ LÓPEZ,GIRONA FC,0,0,0,0,0,0,0,0,0.00,0.00,0,0.00,0,0
,JUDE BELLINGHAM,REAL MADRID,13,7,3,14,8,4,4,0,0.08,0.15,1,0.08,0,0
,JULEN AGIRREZABALA,ATHLETIC CLUB,0,0,0,0,0,0,0,0,0.00,0.00,0,0.00,0,0
,JULEN LARTITEGI,DEPORTIVO ALAVÉS,0,0,0,0,0,0,0,0,0.00,0.00,0,0.00,0,0
,JULES KOUNDÉ,FC BARCELONA,5,2,2,13,14,1,1,0,0.00,0.20,0,0.00,0,0
,JULIÁN ÁLVAREZ,ATLÉTICO DE MADRID,20,11,2,7,9,5,5,0,0.10,0.15,0,0.00,0,0
,JULIÁN CHICCO,CD LEGANÉS,0,0,0,2,0,0,0,0,0.00,0.00,0,0.00,0,0
,JUMA BAH,REAL VALLADOLID CF,3,1,0,3,0,0,0,0,0.00,0.00,0,0.00,0,0
,JUSTIN SMITH,RCD ESPANYOL DE BARCELONA,0,0,0,1,1,0,0,0,0.00,0.00,0,0.00,0,0
,KARL HEIN,REAL VALLADOLID CF,0,0,0,0,0,0,0,0,0.00,0.00,0,0.00,0,0
,KELECHI IHEANACHO,SEVILLA FC,4,2,0,2,2,0,0,0,0.00,0.00,0,0.00,0,0
,ROBERT KENEDY NUNES DO NASCIMENTO,REAL VALLADOLID CF,1,0,0,0,1,0,0,0,0.00,0.00,0,0.00,0,0
,JON MONCAYOLA,CA OSASUNA,7,2,0,3,1,0,0,0,0.00,0.00,0,0.00,0,0
,JON OLASAGASTI,REAL SOCIEDAD,1,0,0,1,1,0,0,0,0.00,0.00,0,0.00,0,0
,JON PACHECO,REAL SOCIEDAD,0,0,0,0,0,0,0,0,0.00,0.00,0,0.00,0,0
,JONATHAN BAMBA,RC CELTA,9,4,0,13,17,0,0,0,0.00,0.00,0,0.00,0,0
,JONI MONTIEL,RAYO VALLECANO,0,0,0,0,0,0,0,0,0.00,0.00,0,0.00,0,0
,JORGE HERRANDO,CA OSASUNA,1,1,0,0,0,0,0,0,0.00,0.00,0,0.00,0,0
,JORGE SÁENZ,CD LEGANÉS,1,1,0,0,0,1,1,0,0.00,1.00,0,0.00,0,0
,JORGE DE FRUTOS,RAYO VALLECANO,15,7,1,16,16,3,3,0,0.00,0.20,0,0.00,0,0
,JOSEPH AIDOO,RC CELTA,0,0,0,0,0,0,0,0,0.00,0.00,0,0.00,0,0
,JOSÉ ARNÁIZ,CA OSASUNA,0,0,0,0,1,0,0,0,0.00,0.00,0,0.00,0,0
,JOSÉ CAMPAÑA,UD LAS PALMAS,2,1,1,4,4,0,0,0,0.00,0.00,0,0.00,0,0
,JOSÉ GAYÀ,VALENCIA CF,0,0,1,1,3,0,0,0,0.00,0.00,0,0.00,0,0
,JOSÉ GRAGERA,RCD ESPANYOL DE BARCELONA,1,0,0,1,2,0,0,0,0.00,0.00,0,0.00,0,0
,JOSÉ GIMÉNEZ,ATLÉTICO DE MADRID,4,1,0,0,0,0,0,0,0.00,0.00,0,0.00,0,1
,JOSÉ ÁNGEL CARMONA,SEVILLA FC,11,3,0,6,9,0,0,0,0.00,0.00,0,0.00,0,0
,JOÃO URBÁEZ,CD LEGANÉS,0,0,0,0,0,0,0,0,0.00,0.00,0,0.00,0,0
,JUAN BERNAT,VILLARREAL CF,0,0,1,0,3,0,0,0,0.00,0.00,0,0.00,0,0
,JUAN BERROCAL,GETAFE CF,1,0,0,0,0,0,0,0,0.00,0.00,0,0.00,0,0
,JUAN CARLOS MARTÍN CORRAL,GIRONA FC,0,0,0,0,0,0,0,0,0.00,0.00,0,0.00,0,0
,JUAN CRUZ,CD LEGANÉS,16,8,1,19,13,4,2,2,0.25,0.00,0,0.00,0,0
,JESÚS ARESO,CA OSASUNA,2,0,1,10,12,0,0,0,0.00,0.00,0,0.00,0,0
,JESÚS NAVAS,SEVILLA FC,3,2,0,3,1,1,1,0,0.00,0.33,0,0.00,0,0
,JESÚS OWONO,DEPORTIVO ALAVÉS,0,0,0,0,0,0,0,0,0.00,0.00,0,0.00,0,0
,JESÚS RODRIGUEZ,REAL BETIS,1,1,0,3,5,0,0,0,0.00,0.00,0,0.00,0,0
,JESÚS VALLEJO,REAL MADRID,0,0,0,0,0,0,0,0,0.00,0.00,0,0.00,0,0
,JESÚS VÁZQUEZ,VALENCIA CF,2,1,0,9,10,0,0,0,0.00,0.00,0,0.00,0,0
,JHON SOLÍS,GIRONA FC,0,0,0,5,2,0,0,0,0.00,0.00,0,0.00,0,0
,JIRÍ LETÁCEK,GETAFE CF,0,0,0,0,0,0,0,0,0.00,0.00,0,0.00,0,0
,JOAN GARCÍA,RCD ESPANYOL DE BARCELONA,1,1,0,0,0,0,0,0,0.00,0.00,0,0.00,0,0
,JOAN JORDÁN,DEPORTIVO ALAVÉS,3,1,2,2,1,0,0,0,0.00,0.00,0,0.00,0,0
,JOAQUÍN PANICHELLI,CD MIRANDÉS,0,0,0,0,0,0,0,0,0.00,0.00,0,0.00,0,0
,JOEL ROCA,CD MIRANDÉS,0,0,0,0,0,0,0,0,0.00,0.00,0,0.00,0,0
,JOFRE CARRERAS,RCD ESPANYOL DE BARCELONA,13,6,3,15,26,2,0,2,0.00,0.15,0,0.00,0,0
,JOHAN MOJICA,RCD MALLORCA,3,1,1,15,14,1,1,0,0.33,0.00,0,0.00,0,0
,JOHN PATRICK,GETAFE CF,1,0,0,2,2,0,0,0,0.00,0.00,0,0.00,0,0
,JOHNNY CARDOSO,REAL BETIS,5,0,1,5,3,0,0,0,0.00,0.00,0,0.00,0,0
,JON ARAMBURU,REAL SOCIEDAD,3,2,0,5,7,0,0,0,0.00,0.00,0,0.00,0,0
,JON GURIDI,DEPORTIVO ALAVÉS,8,4,0,2,4,2,2,0,0.13,0.13,1,0.00,0,0
,JON MAGUNAZELAIA,REAL SOCIEDAD,0,0,0,0,0,0,0,0,0.00,0.00,0,0.00,0,0
,JON MARTÍN,REAL SOCIEDAD,1,0,0,0,0,0,0,0,0.00,0.00,0,0.00,0,0
,JAIME MATA,UD LAS PALMAS,5,1,0,2,1,0,0,0,0.00,0.00,0,0.00,0,0
,JAMES RODRÍGUEZ,RAYO VALLECANO,2,2,0,5,2,0,0,0,0.00,0.00,0,0.00,0,0
,JAN OBLAK,ATLÉTICO DE MADRID,0,0,0,1,0,0,0,0,0.00,0.00,0,0.00,0,0
,JAN SALAS,RCD MALLORCA,0,0,0,0,0,0,0,0,0.00,0.00,0,0.00,0,0
,JASPER CILLESSEN,UD LAS PALMAS,0,0,0,0,0,0,0,0,0.00,0.00,0,0.00,0,0
,ANTONINO JASTIN GARCÍA LÓPEZ,GIRONA FC,0,0,0,0,0,0,0,0,0.00,0.00,0,0.00,0,0
,JAUME DOMÈNECH,VALENCIA CF,0,0,0,0,0,0,0,0,0.00,0.00,0,0.00,0,0
,JAVI GALÁN,ATLÉTICO DE MADRID,1,0,2,6,13,0,0,0,0.00,0.00,0,0.00,0,0
,JAVI GUERRA,VALENCIA CF,3,0,1,5,10,0,0,0,0.00,0.00,0,0.00,0,0
,JAVI HERNÁNDEZ,CD LEGANÉS,5,1,1,9,4,0,0,0,0.00,0.00,0,0.00,0,0
,JAVI LLABRÉS,RCD MALLORCA,0,0,0,0,0,0,0,0,0.00,0.00,0,0.00,0,0
,JAVI LÓPEZ,REAL SOCIEDAD,3,0,0,5,7,0,0,0,0.00,0.00,0,0.00,0,0
,JAVI MARTÍNEZ,CA OSASUNA,0,0,0,0,0,0,0,0,0.00,0.00,0,0.00,0,0
,JAVI MUÑOZ,UD LAS PALMAS,7,3,2,8,5,0,0,0,0.00,0.00,0,0.00,0,0
,JAVI PUADO,RCD ESPANYOL DE BARCELONA,18,7,1,4,12,5,4,1,0.06,0.17,1,0.06,0,0
,JAVI RODRÍGUEZ,RC CELTA,5,1,1,1,2,1,1,0,0.00,0.20,0,0.00,0,0
,JAVI SERRANO,ATLÉTICO DE MADRID,0,0,0,0,0,0,0,0,0.00,0.00,0,0.00,0,0
,JAVI SÁNCHEZ DE FELIPE,REAL VALLADOLID CF,2,1,0,0,0,0,0,0,0.00,0.00,0,0.00,0,0
,JAVIER MANQUILLO,RC CELTA,0,0,0,0,1,0,0,0,0.00,0.00,0,0.00,0,0
,JAVIER MARTÓN,ATHLETIC CLUB,0,0,0,0,0,0,0,0,0.00,0.00,0,0.00,0,0
,IKER ÁLVAREZ,VILLARREAL B,0,0,0,0,0,0,0,0,0.00,0.00,0,0.00,0,0
,MORIBA KOUROUMA KOUROUMA,RC CELTA,6,2,0,5,4,0,0,0,0.00,0.00,0,0.00,0,0
,ILIAS AKHOMACH,VILLARREAL B,14,6,0,19,17,1,1,0,0.07,0.00,0,0.00,0,0
,ILIAS KOSTIS,ATLÉTICO DE MADRID,0,0,0,0,0,0,0,0,0.00,0.00,0,0.00,0,0
,IRVIN CARDONA,RCD ESPANYOL DE BARCELONA,8,3,1,2,5,1,0,1,0.00,0.13,0,0.00,0,0
,ISAAC ROMERO,SEVILLA FC,20,7,2,11,16,0,0,0,0.00,0.00,0,0.00,0,0
,ISI PALAZÓN,RAYO VALLECANO,14,4,1,10,14,1,1,0,0.07,0.00,0,0.00,0,0
,ISRAEL DOMÍNGUEZ,SEVILLA FC,0,0,0,0,0,0,0,0,0.00,0.00,0,0.00,0,0
,IVÁN BALLIU,RAYO VALLECANO,0,0,0,2,1,0,0,0,0.00,0.00,0,0.00,0,0
,IVÁN CUÉLLAR,RCD MALLORCA,0,0,0,0,0,0,0,0,0.00,0.00,0,0.00,0,0
,IVÁN GIL,UD LAS PALMAS,0,0,0,0,0,0,0,0,0.00,0.00,0,0.00,0,0
,IVÁN MARTÍN,GIRONA FC,1,1,0,12,7,1,1,0,0.00,1.00,0,0.00,0,0
,IVÁN SÁNCHEZ AGUAYO,REAL VALLADOLID CF,5,3,1,15,3,1,0,1,0.20,0.00,0,0.00,0,0
,IVÁN VILLAR,RC CELTA,0,0,0,0,0,0,0,0,0.00,0.00,0,0.00,0,0
,IGNACIO PEÑA SOTORRES,FC BARCELONA,0,0,0,0,0,0,0,0,0.00,0.00,0,0.00,0,0
,IÑAKI WILLIAMS,ATHLETIC CLUB,16,7,4,20,26,3,3,0,0.06,0.13,0,0.00,0,0
,ÍÑIGO MARTÍNEZ,FC BARCELONA,3,1,1,0,0,0,0,0,0.00,0.00,0,0.00,0,0
,JACKSON POROZO,CD LEGANÉS,0,0,0,0,0,0,0,0,0.00,0.00,0,0.00,0,0
,JACOBO RAMÓN,REAL MADRID,0,0,0,0,0,0,0,0,0.00,0.00,0,0.00,0,0
,JAILSON MARQUES SIQUEIRA,RC CELTA,1,1,0,3,1,0,0,0,0.00,0.00,0,0.00,0,1
,GORKA RIVERA,GETAFE CF,0,0,0,0,1,0,0,0,0.00,0.00,0,0.00,0,0
,GUILLE FERNÁNDEZ,FC BARCELONA,0,0,0,0,0,0,0,0,0.00,0.00,0,0.00,0,0
,GUILLEM TRILLA,GETAFE CF,0,0,0,0,0,0,0,0,0.00,0.00,0,0.00,0,0
,HAMARI TRAORÉ,REAL SOCIEDAD,0,0,1,2,1,0,0,0,0.00,0.00,0,0.00,0,0
,HORATIU MOLDOVAN,,0,0,0,0,0,0,0,0,0.00,0.00,0,0.00,0,0
,HUGO DURO,VALENCIA CF,12,6,1,2,7,4,4,0,0.25,0.00,0,0.08,0,1
,HUGO GUILLAMÓN,VALENCIA CF,0,0,0,0,0,0,0,0,0.00,0.00,0,0.00,0,0
,HUGO NOVOA,DEPORTIVO ALAVÉS,1,0,0,3,5,0,0,0,0.00,0.00,0,0.00,0,0
,HUGO SOTELO,RC CELTA,2,0,0,4,3,0,0,0,0.00,0.00,0,0.00,0,0
,HUGO ÁLVAREZ,RC CELTA,9,6,1,21,30,2,2,0,0.11,0.11,0,0.00,0,0
,HÉCTOR BELLERÍN,REAL BETIS,1,1,1,6,2,0,0,0,0.00,0.00,0,0.00,0,0
,HÉCTOR FORT,FC BARCELONA,1,0,0,2,2,0,0,0,0.00,0.00,0,0.00,0,0
,IAGO ASPAS,RC CELTA,26,14,3,10,7,5,4,1,0.19,0.00,2,0.00,0,0
,IGOR ZUBELDIA,REAL SOCIEDAD,2,2,0,0,0,0,0,0,0.00,0.00,0,0.00,0,0
,IKER ALMENA,,1,0,1,2,1,0,0,0,0.00,0.00,0,0.00,0,0
,IKER BACHILLER,CD LEGANÉS,0,0,0,0,0,0,0,0,0.00,0.00,0,0.00,0,0
,IKER BENITO,CA OSASUNA,0,0,0,0,1,0,0,0,0.00,0.00,0,0.00,0,0
,IKER CÓRDOBA,VALENCIA CF,0,0,0,0,0,0,0,0,0.00,0.00,0,0.00,0,0
,IKER LOSADA,REAL BETIS,3,1,0,2,4,0,0,0,0.00,0.00,0,0.00,0,0
,IKER MUÑOZ,CA OSASUNA,1,0,0,1,0,0,0,0,0.00,0.00,0,0.00,0,0
,FRAN GARCÍA,REAL MADRID,4,2,0,3,5,0,0,0,0.00,0.00,0,0.00,0,0
,FRANCISCO JAVIER GONZÁLEZ PÉREZ,REAL MADRID,0,0,0,0,0,0,0,0,0.00,0.00,0,0.00,0,0
,FRAN PÉREZ,VALENCIA CF,1,0,0,0,0,0,0,0,0.00,0.00,0,0.00,0,0
,FRANCISCO BARBOSA VIEITES,REAL BETIS,0,0,0,0,0,0,0,0,0.00,0.00,0,0.00,0,0
,FRANCO CERVI,RC CELTA,0,0,0,0,0,0,0,0,0.00,0.00,0,0.00,0,0
,FRENKIE DE JONG,FC BARCELONA,1,1,1,2,2,1,1,0,1.00,0.00,0,0.00,0,0
,FÁBIO DANIEL SOARES SILVA,UD LAS PALMAS,22,13,1,10,19,5,5,0,0.00,0.18,1,0.05,0,0
,GABRIEL MISEHOUY,GIRONA FC,3,2,0,6,3,1,1,0,0.00,0.33,0,0.00,0,0
,PABLO PÁEZ GAVIRA,FC BARCELONA,0,0,0,2,2,0,0,0,0.00,0.00,0,0.00,0,0
,GERARD GUMBAU,RAYO VALLECANO,5,3,1,1,2,0,0,0,0.00,0.00,0,0.00,0,0
,GERARD MARTÍN,FC BARCELONA,0,0,1,0,2,0,0,0,0.00,0.00,0,0.00,0,0
,GERARD MORENO,VILLARREAL CF,8,6,1,4,2,1,1,0,0.13,0.00,1,0.00,0,0
,GERMÁN VALERA,VALENCIA CF,1,1,0,1,2,0,0,0,0.00,0.00,0,0.00,0,0
,GERÓNIMO SPINA,ATLÉTICO DE MADRID,0,0,0,0,0,0,0,0,0.00,0.00,0,0.00,0,0
,GIORGI MAMARDASHVILI,VALENCIA CF,0,0,0,0,0,0,0,0,0.00,0.00,0,0.00,0,0
,GIOVANI LO CELSO,REAL BETIS,18,10,1,11,14,5,3,2,0.28,0.00,1,0.00,0,0
,GIULIANO SIMEONE,ATLÉTICO DE MADRID,3,3,2,8,11,1,1,0,0.00,0.33,0,0.00,0,0
,GONZALO GARCÍA,REAL MADRID,0,0,0,0,0,0,0,0,0.00,0.00,0,0.00,0,0
,GONZALO MONTIEL,SEVILLA FC,0,0,0,0,0,0,0,0,0.00,0.00,0,0.00,0,0
,GORKA GURUZETA,ATHLETIC CLUB,18,10,2,5,5,4,4,0,0.00,0.17,0,0.06,0,0
,ENRIC GARCÍA,GIRONA FC,0,0,0,0,0,0,0,0,0.00,0.00,0,0.00,0,0
,ENZO BARRENECHEA,VALENCIA CF,3,1,0,1,3,1,1,0,0.33,0.00,0,0.00,0,0
,ENZO BOYOMO,CA OSASUNA,6,2,0,4,0,1,1,0,0.00,0.17,0,0.00,0,0
,ENZO LOIODICE,UD LAS PALMAS,1,0,0,0,2,0,0,0,0.00,0.00,0,0.00,0,0
,ERAY CÖMERT,REAL VALLADOLID CF,6,0,0,2,0,0,0,0,0.00,0.00,0,0.00,0,0
,ERIC BAILLY,VILLARREAL CF,1,0,0,3,0,0,0,0,0.00,0.00,0,0.00,0,0
,ERIC GARCÍA,FC BARCELONA,3,2,1,1,2,0,0,0,0.00,0.00,0,0.00,0,0
,ETIENNE ETO'O PINEDA,RAYO VALLECANO,0,0,0,0,0,0,0,0,0.00,0.00,0,0.00,0,0
,KARL EDOUARD BLAISE ETTA EYONG,VILLARREAL CF,0,0,0,0,0,0,0,0,0.00,0.00,0,0.00,0,0
,FABIO GONZÁLEZ,UD LAS PALMAS,2,0,0,0,0,0,0,0,0.00,0.00,0,0.00,0,0
,FEDERICO VALVERDE,REAL MADRID,16,11,2,8,5,3,0,3,0.00,0.19,0,0.00,1,0
,FERLAND MENDY,REAL MADRID,0,0,0,1,2,0,0,0,0.00,0.00,0,0.00,0,0
,FERMÍN LÓPEZ,FC BARCELONA,7,2,0,2,5,0,0,0,0.00,0.00,0,0.00,0,0
,FERNANDO CALERO,RCD ESPANYOL DE BARCELONA,0,0,0,0,0,0,0,0,0.00,0.00,0,0.00,0,0
,FERNANDO LÓPEZ,RC CELTA,0,0,0,0,0,0,0,0,0.00,0.00,0,0.00,0,0
,FERNANDO PACHECO,RCD ESPANYOL DE BARCELONA,0,0,0,0,0,0,0,0,0.00,0.00,0,0.00,0,0
,FERRAN TORRES,FC BARCELONA,11,7,2,6,1,2,2,0,0.00,0.18,0,0.00,0,0
,FERRÁN RUIZ MARTÍ,GIRONA FC,0,0,0,0,0,0,0,0,0.00,0.00,0,0.00,0,0
,FLORIAN LEJEUNE,RAYO VALLECANO,13,5,1,3,0,0,0,0,0.00,0.00,0,0.00,0,0
,FRAN BELTRÁN,RC CELTA,4,1,0,2,1,1,0,1,0.00,0.25,0,0.00,0,0
,DIEGO LÓPEZ,VALENCIA CF,9,4,1,8,19,2,2,0,0.00,0.11,0,0.11,0,0
,DIEGO RICO,GETAFE CF,5,3,1,4,4,0,0,0,0.00,0.00,0,0.00,0,0
,DIMITRI FOULQUIER,VALENCIA CF,4,1,0,4,9,0,0,0,0.00,0.00,0,0.00,0,0
,DIMITRIOS STAMATAKIS,CA OSASUNA,0,0,0,0,0,0,0,0,0.00,0.00,0,0.00,0,0
,DINKO HORKAS,UD LAS PALMAS,0,0,0,0,0,0,0,0,0.00,0.00,0,0.00,0,0
,DJENÉ DAKONAM,GETAFE CF,3,0,0,2,4,0,0,0,0.00,0.00,0,0.00,0,0
,DJIBRIL SOW,SEVILLA FC,6,4,0,0,3,1,1,0,0.00,0.17,0,0.00,0,0
,DJORDJIJE MEDENICA,GETAFE CF,0,0,0,0,0,0,0,0,0.00,0.00,0,0.00,0,0
,DODI LUKÉBAKIO,SEVILLA FC,33,18,0,36,31,6,5,1,0.15,0.03,1,0.00,0,0
,DOMINGOS DE SOUSA COUTINHO MENESES DUARTE,GETAFE CF,0,0,0,0,0,0,0,0,0.00,0.00,0,0.00,0,0
,DOMINIK GREIF,RCD MALLORCA,0,0,0,0,0,0,0,0,0.00,0.00,0,0.00,0,0
,DONNY VAN DE BEEK,GIRONA FC,3,2,2,4,5,1,0,1,0.00,0.33,0,0.00,0,0
,DÁRIO CASSIA LUÍS ESSUGO,UD LAS PALMAS,7,3,0,8,2,1,0,1,0.00,0.14,0,0.00,0,0
,EDU EXPÓSITO,RCD ESPANYOL DE BARCELONA,0,0,0,0,0,0,0,0,0.00,0.00,0,0.00,0,0
,EDUARDO CAMAVINGA,REAL MADRID,2,0,1,3,2,0,0,0,0.00,0.00,0,0.00,0,0
,EGOITZ ARANA,REAL SOCIEDAD,0,0,0,0,0,0,0,0,0.00,0.00,0,0.00,0,0
,EGOITZ MUÑOZ,DEPORTIVO ALAVÉS,0,0,0,0,0,0,0,0,0.00,0.00,0,0.00,0,0
,ENDRICK FELIPE MOREIRA DE SOUSA,REAL MADRID,7,3,0,2,2,1,1,0,0.00,0.14,0,0.00,0,0
,ENEKO ORTIZ,DEPORTIVO ALAVÉS,0,0,0,0,0,0,0,0,0.00,0.00,0,0.00,0,0
,ENRIC FRANQUESA,CD LEGANÉS,3,1,0,9,7,1,1,0,0.33,0.00,0,0.00,0,0
,DANI REQUENA,VILLARREAL CF,0,0,0,0,0,0,0,0,0.00,0.00,0,0.00,0,0
,DANI RODRÍGUEZ,RCD MALLORCA,9,5,4,8,4,3,3,0,0.11,0.11,0,0.11,0,0
,DANI VIVIAN,ATHLETIC CLUB,7,3,0,6,2,2,2,0,0.00,0.29,0,0.00,0,0
,DANIEL LUNA,RCD MALLORCA,0,0,0,1,1,0,0,0,0.00,0.00,0,0.00,0,0
,DARKO BRASANAC,CD LEGANÉS,5,2,2,0,3,1,1,0,0.00,0.20,0,0.00,0,0
,DARWIN MACHÍS,REAL VALLADOLID CF,3,0,0,1,3,0,0,0,0.00,0.00,0,0.00,0,0
,DAVID ARGÜELLES,GETAFE CF,0,0,0,0,0,0,0,0,0.00,0.00,0,0.00,0,0
,DAVID JIMÉNEZ,REAL MADRID,0,0,0,0,0,0,0,0,0.00,0.00,0,0.00,0,0
,DAVID LÓPEZ,GIRONA FC,3,0,0,5,2,0,0,0,0.00,0.00,0,0.00,0,0
,DAVID OTORBI,VALENCIA CF,0,0,0,0,0,0,0,0,0.00,0.00,0,0.00,0,0
,DAVID SORIA,GETAFE CF,0,0,0,0,0,0,0,0,0.00,0.00,0,0.00,0,0
,DAVID TORRES,REAL VALLADOLID CF,0,0,0,0,0,0,0,0,0.00,0.00,0,0.00,0,1
,DAWDA CAMARA,GIRONA FC,0,0,0,0,0,0,0,0,0.00,0.00,0,0.00,0,0
,DENIS SUÁREZ,VILLARREAL CF,3,2,0,3,0,0,0,0,0.00,0.00,0,0.00,0,0
,DIEGO AGUADO FACIO,REAL MADRID,0,0,0,0,0,0,0,0,0.00,0.00,0,0.00,0,0
,DIEGO CONDE,VILLARREAL CF,0,0,1,0,0,0,0,0,0.00,0.00,0,0.00,0,0
,DIEGO FERRER,GETAFE CF,0,0,0,0,0,0,0,0,0.00,0.00,0,0.00,0,0
,DIEGO GARCÍA,CD LEGANÉS,5,3,0,0,4,1,1,0,0.00,0.20,0,0.00,0,0
,DIEGO KOCHEN,FC BARCELONA,0,0,0,0,0,0,0,0,0.00,0.00,0,0.00,0,0
,DIEGO LLORENTE,REAL BETIS,2,1,0,4,0,0,0,0,0.00,0.00,0,0.00,0,1
,CONOR GALLAGHER,ATLÉTICO DE MADRID,7,2,0,4,7,2,1,1,0.00,0.29,0,0.00,0,0
,JOSÉ MANUEL ARIAS COPETE,RCD MALLORCA,4,2,0,0,0,0,0,0,0.00,0.00,0,0.00,0,0
,CRISTHIAN MOSQUERA,VALENCIA CF,3,1,0,5,3,0,0,0,0.00,0.00,0,0.00,0,0
,CRISTHIAN STUANI,GIRONA FC,10,7,1,2,1,4,4,0,0.00,0.40,2,0.00,0,0
,CYLE LARIN,RCD MALLORCA,11,5,2,2,7,2,2,0,0.00,0.18,0,0.00,0,0
,CÉDRIC BAKAMBU,REAL BETIS,7,3,1,1,2,0,0,0,0.00,0.00,0,0.00,0,0
,CÉSAR AZPILICUETA,ATLÉTICO DE MADRID,2,1,0,0,0,0,0,0,0.00,0.00,0,0.00,0,0
,CÉSAR FERNÁNDEZ,RC CELTA,0,0,0,0,0,0,0,0,0.00,0.00,0,0.00,0,0
,CÉSAR TÁRREGA,VALENCIA CF,5,2,0,2,0,2,2,0,0.00,0.20,0,0.20,0,0
,CÉSAR DE LA HOZ,REAL VALLADOLID CF,0,0,0,0,0,0,0,0,0.00,0.00,0,0.00,0,0
,DALEY BLIND,GIRONA FC,1,1,1,7,3,0,0,0,0.00,0.00,0,0.00,0,0
,DALEY SINKGRAVEN,UD LAS PALMAS,0,0,0,1,0,0,0,0,0.00,0.00,0,0.00,0,0
,DAMIÁN RODRÍGUEZ,RC CELTA,0,0,0,0,1,0,0,0,0.00,0.00,0,0.00,0,0
,DANI CARVAJAL,REAL MADRID,2,1,0,2,3,1,1,0,0.00,0.50,0,0.00,0,0
,DANI CEBALLOS,REAL MADRID,0,0,0,3,2,0,0,0,0.00,0.00,0,0.00,0,0
,DANI CÁRDENAS,RAYO VALLECANO,0,0,0,0,0,0,0,0,0.00,0.00,0,0.00,0,0
,DANI GÓMEZ,VALENCIA CF,7,4,0,1,4,1,0,1,0.00,0.14,0,0.00,0,0
,DANI OLMO,FC BARCELONA,16,8,0,12,7,5,4,1,0.06,0.25,0,0.00,0,0
,DANI PAREJO,VILLARREAL CF,5,3,0,6,0,2,2,0,0.20,0.20,1,0.00,0,0
,DANI RABA,CD LEGANÉS,5,3,3,13,6,0,0,0,0.00,0.00,0,0.00,0,0
,BRYAN ZARAGOZA,CA OSASUNA,15,7,5,33,37,1,1,0,0.00,0.07,0,0.00,0,0
,CARL STARFELT,RC CELTA,2,1,0,0,0,1,1,0,0.00,0.00,0,0.50,0,0
,CARLES ALEÑÁ,GETAFE CF,3,1,0,3,1,0,0,0,0.00,0.00,0,0.00,0,0
,CARLES PÉREZ,GETAFE CF,11,4,0,16,22,0,0,0,0.00,0.00,0,0.00,0,0
,CARLOS BENAVÍDEZ,DEPORTIVO ALAVÉS,2,1,1,2,1,1,0,1,0.50,0.00,0,0.00,0,0
,CARLOS DOMÍNGUEZ,RC CELTA,2,1,0,0,0,0,0,0,0.00,0.00,0,0.00,0,1
,CARLOS GUIRAO,REAL BETIS,0,0,0,1,0,0,0,0,0.00,0.00,0,0.00,0,0
,CARLOS MARTÍN,DEPORTIVO ALAVÉS,7,4,0,2,6,1,1,0,0.00,0.00,0,0.00,0,0
,CARLOS ROMERO,RCD ESPANYOL DE BARCELONA,6,2,1,6,9,1,1,0,0.17,0.00,0,0.00,0,0
,CARLOS VICENTE,DEPORTIVO ALAVÉS,14,8,0,13,31,3,2,1,0.07,0.14,0,0.00,0,0
,JOSÉ LUIS CATALÀ VÁZQUEZ,RCD ESPANYOL DE BARCELONA,0,0,0,0,0,0,0,0,0.00,0.00,0,0.00,0,0
,CENK ÖZKACAR,REAL VALLADOLID CF,1,0,0,0,0,0,0,0,0.00,0.00,0,0.00,0,0
,JOSÉ MARÍA ANDRES BAIXAULI,REAL MADRID,0,0,0,0,0,0,0,0,0.00,0.00,0,0.00,0,0
,CHIDERA EJUKE,SEVILLA FC,9,5,0,31,15,1,1,0,0.00,0.11,0,0.00,0,0
,CHIMY ÁVILA,REAL BETIS,14,8,0,3,4,2,1,1,0.07,0.07,0,0.00,0,0
,FRANCISCO JORGE TAVARES OLIVEIRA,RCD MALLORCA,3,2,0,4,7,0,0,0,0.00,0.00,0,0.00,0,0
,CHRISTANTUS UCHE,GETAFE CF,12,5,0,18,22,1,1,0,0.00,0.00,0,0.08,0,0
,IVÁN CANTALEJO,REAL VALLADOLID CF,0,0,0,0,0,0,0,0,0.00,0.00,0,0.00,0,0
,CLÉMENT LENGLET,ATLÉTICO DE MADRID,3,1,0,1,0,1,1,0,0.33,0.00,0,0.00,0,0
,COBA DA COSTA,GETAFE CF,1,1,0,1,1,0,0,0,0.00,0.00,0,0.00,0,0
,ARNAU SOLÀ,VILLARREAL CF,0,0,0,0,0,0,0,0,0.00,0.00,0,0.00,0,0
,ARNAUT DANJUMA,GIRONA FC,14,8,0,9,23,2,2,0,0.07,0.07,0,0.00,0,0
,ARTHUR VERMEEREN,RB LEIPZIG,0,0,0,0,0,0,0,0,0.00,0.00,0,0.00,0,0
,ASIER VILLALIBRE,DEPORTIVO ALAVÉS,4,2,0,0,1,1,1,0,0.25,0.00,1,0.00,0,0
,ASSANE DIAO,REAL BETIS,4,0,2,2,7,0,0,0,0.00,0.00,0,0.00,0,0
,AUGUSTO BATALLA,RAYO VALLECANO,0,0,0,1,0,0,0,0,0.00,0.00,0,0.00,0,0
,AURÉLIEN TCHOUAMÉNI,REAL MADRID,5,0,0,4,2,0,0,0,0.00,0.00,0,0.00,0,0
,AXEL WITSEL,ATLÉTICO DE MADRID,0,0,1,1,0,0,0,0,0.00,0.00,0,0.00,0,0
,AYOZE PÉREZ,VILLARREAL CF,15,7,0,9,6,7,6,1,0.07,0.27,0,0.13,0,0
,BENITO RAMÍREZ,UD LAS PALMAS,2,0,0,0,4,0,0,0,0.00,0.00,0,0.00,0,0
,BERTUG YILDIRIM,GETAFE CF,11,5,0,4,4,1,1,0,0.00,0.00,0,0.09,0,0
,BEÑAT PRADOS,ATHLETIC CLUB,6,4,0,3,5,1,1,0,0.00,0.00,0,0.17,0,0
,BEÑAT TURRIENTES,REAL SOCIEDAD,4,1,0,5,5,0,0,0,0.00,0.00,0,0.00,0,0
,BOJAN MIOVSKI,GIRONA FC,6,4,1,1,1,2,2,0,0.33,0.00,0,0.00,0,0
,BORJA IGLESIAS,RC CELTA,13,10,0,7,5,4,4,0,0.08,0.15,0,0.08,0,0
,BORJA MAYORAL,GETAFE CF,3,2,0,3,0,1,1,0,0.00,0.33,1,0.00,0,0
,BRAHIM DÍAZ,REAL MADRID,3,2,2,10,5,1,1,0,0.33,0.00,0,0.00,0,0
,BRAIS MÉNDEZ,REAL SOCIEDAD,14,6,1,3,12,1,1,0,0.00,0.07,0,0.00,0,0
,BRIAN OLIVÁN,RCD ESPANYOL DE BARCELONA,1,1,1,0,1,0,0,0,0.00,0.00,0,0.00,0,0
,BRYAN GIL,GIRONA FC,14,8,3,23,23,2,2,0,0.14,0.00,0,0.00,0,0
,ANDRÉ FILIPE MAGALHÃES RIBEIRO FERREIRA,REAL VALLADOLID CF,0,0,0,0,0,0,0,0,0.00,0.00,0,0.00,0,0
,ANDRÉS CUENCA,FC BARCELONA,0,0,0,0,0,0,0,0,0.00,0.00,0,0.00,0,0
,ANSU FATI,FC BARCELONA,4,3,0,2,2,0,0,0,0.00,0.00,0,0.00,0,0
,ANTE BUDIMIR,CA OSASUNA,31,14,1,6,8,9,9,0,0.19,0.00,4,0.10,0,0
,ANTOINE GRIEZMANN,ATLÉTICO DE MADRID,15,9,4,7,7,5,4,1,0.33,0.00,1,0.00,1,0
,ANTONIO BLANCO,DEPORTIVO ALAVÉS,6,1,1,6,2,0,0,0,0.00,0.00,0,0.00,0,0
,ANTONIO ESPIGARES,VILLARREAL CF,0,0,0,0,0,0,0,0,0.00,0.00,0,0.00,0,0
,ANTONIO GOMIS,ATLÉTICO DE MADRID,0,0,0,0,0,0,0,0,0.00,0.00,0,0.00,0,0
,ANTONIO RAÍLLO,RCD MALLORCA,12,3,0,2,1,1,1,0,0.00,0.00,0,0.00,0,0
,ANTONIO RÜDIGER,REAL MADRID,8,2,0,2,0,0,0,0,0.00,0.00,0,0.00,0,0
,ANTONIO SIVERA,DEPORTIVO ALAVÉS,0,0,0,0,0,0,0,0,0.00,0.00,0,0.00,0,1
,ANTONIO SÁNCHEZ,RCD MALLORCA,4,1,0,4,3,0,0,0,0.00,0.00,0,0.00,0,0
,ANTONIU ROCA,RCD ESPANYOL DE BARCELONA,1,0,0,2,0,0,0,0,0.00,0.00,0,0.00,0,0
,ANUAR TUHAMI,REAL VALLADOLID CF,3,2,0,0,2,1,1,0,0.00,0.33,0,0.00,0,0
,ARDA GÜLER,REAL MADRID,8,7,1,9,8,0,0,0,0.00,0.00,0,0.00,0,0
,ARIDANE HERNÁNDEZ,RAYO VALLECANO,2,1,0,0,0,0,0,0,0.00,0.00,0,0.00,0,1
,ARITZ ARAMBARRI,SD EIBAR,0,0,0,0,0,0,0,0,0.00,0.00,0,0.00,0,0
,ARITZ ELUSTONDO,REAL SOCIEDAD,1,0,0,0,2,0,0,0,0.00,0.00,0,0.00,0,0
,ARNAU MARTÍNEZ,GIRONA FC,4,2,1,6,4,1,1,0,0.00,0.00,0,0.25,0,0
,ARNAU RAFÚS,REAL VALLADOLID CF,0,0,0,0,0,0,0,0,0.00,0.00,0,0.00,0,0
,ANDRÉ FILIPE MAGALHÃES RIBEIRO FERREIRA,REAL VALLADOLID CF,0,0,0,0,0,0,0,0,0.00,0.00,0,0.00,0,0
,ANDRÉS CUENCA,FC BARCELONA,0,0,0,0,0,0,0,0,0.00,0.00,0,0.00,0,0
,ANSU FATI,FC BARCELONA,4,3,0,2,2,0,0,0,0.00,0.00,0,0.00,0,0
,ANTE BUDIMIR,CA OSASUNA,31,14,1,6,8,9,9,0,0.19,0.00,4,0.10,0,0
,ANTOINE GRIEZMANN,ATLÉTICO DE MADRID,15,9,4,7,7,5,4,1,0.33,0.00,1,0.00,1,0
,ANTONIO BLANCO,DEPORTIVO ALAVÉS,6,1,1,6,2,0,0,0,0.00,0.00,0,0.00,0,0
,ANTONIO ESPIGARES,VILLARREAL CF,0,0,0,0,0,0,0,0,0.00,0.00,0,0.00,0,0
,ANTONIO GOMIS,ATLÉTICO DE MADRID,0,0,0,0,0,0,0,0,0.00,0.00,0,0.00,0,0
,ANTONIO RAÍLLO,RCD MALLORCA,12,3,0,2,1,1,1,0,0.00,0.00,0,0.00,0,0
,ANTONIO RÜDIGER,REAL MADRID,8,2,0,2,0,0,0,0,0.00,0.00,0,0.00,0,0
,ANTONIO SIVERA,DEPORTIVO ALAVÉS,0,0,0,0,0,0,0,0,0.00,0.00,0,0.00,0,1
,ANTONIO SÁNCHEZ,RCD MALLORCA,4,1,0,4,3,0,0,0,0.00,0.00,0,0.00,0,0
,ANTONIU ROCA,RCD ESPANYOL DE BARCELONA,1,0,0,2,0,0,0,0,0.00,0.00,0,0.00,0,0
,ANUAR TUHAMI,REAL VALLADOLID CF,3,2,0,0,2,1,1,0,0.00,0.33,0,0.00,0,0
,ARDA GÜLER,REAL MADRID,8,7,1,9,8,0,0,0,0.00,0.00,0,0.00,0,0
,ARIDANE HERNÁNDEZ,RAYO VALLECANO,2,1,0,0,0,0,0,0,0.00,0.00,0,0.00,0,1
,ARITZ ARAMBARRI,SD EIBAR,0,0,0,0,0,0,0,0,0.00,0.00,0,0.00,0,0
,ARITZ ELUSTONDO,REAL SOCIEDAD,1,0,0,0,2,0,0,0,0.00,0.00,0,0.00,0,0
,ARNAU MARTÍNEZ,GIRONA FC,4,2,1,6,4,1,1,0,0.00,0.00,0,0.25,0,0
,ARNAU RAFÚS,REAL VALLADOLID CF,0,0,0,0,0,0,0,0,0.00,0.00,0,0.00,0,0
